job_title,required_technical_skills,cognitive_soft_skills,tools_technologies,all_skills
HR ADMINISTRATOR,"Recruitment, onboarding, payroll processing, employee relations, HR compliance, performance management, workforce planning","Communication, conflict resolution, leadership, empathy, organizational skills, decision-making","Workday, SAP SuccessFactors, BambooHR, ADP, Microsoft Excel, ATS platforms","Recruitment, onboarding, payroll processing, employee relations, HR compliance, performance management, workforce planning, Communication, conflict resolution, leadership, empathy, organizational skills, decision-making, Workday, SAP SuccessFactors, BambooHR, ADP, Microsoft Excel, ATS platforms"
HR SPECIALIST,"Recruitment, onboarding, payroll processing, employee relations, HR compliance, performance management, workforce planning","Communication, conflict resolution, leadership, empathy, organizational skills, decision-making","Workday, SAP SuccessFactors, BambooHR, ADP, Microsoft Excel, ATS platforms","Recruitment, onboarding, payroll processing, employee relations, HR compliance, performance management, workforce planning, Communication, conflict resolution, leadership, empathy, organizational skills, decision-making, Workday, SAP SuccessFactors, BambooHR, ADP, Microsoft Excel, ATS platforms"
HR DIRECTOR,"Recruitment, onboarding, payroll processing, employee relations, HR compliance, performance management, workforce planning","Communication, conflict resolution, leadership, empathy, organizational skills, decision-making","Workday, SAP SuccessFactors, BambooHR, ADP, Microsoft Excel, ATS platforms","Recruitment, onboarding, payroll processing, employee relations, HR compliance, performance management, workforce planning, Communication, conflict resolution, leadership, empathy, organizational skills, decision-making, Workday, SAP SuccessFactors, BambooHR, ADP, Microsoft Excel, ATS platforms"
HR MANAGER,"Recruitment, onboarding, payroll processing, employee relations, HR compliance, performance management, workforce planning","Communication, conflict resolution, leadership, empathy, organizational skills, decision-making","Workday, SAP SuccessFactors, BambooHR, ADP, Microsoft Excel, ATS platforms","Recruitment, onboarding, payroll processing, employee relations, HR compliance, performance management, workforce planning, Communication, conflict resolution, leadership, empathy, organizational skills, decision-making, Workday, SAP SuccessFactors, BambooHR, ADP, Microsoft Excel, ATS platforms"
HR GENERALIST,"Recruitment, onboarding, payroll processing, employee relations, HR compliance, performance management, workforce planning","Communication, conflict resolution, leadership, empathy, organizational skills, decision-making","Workday, SAP SuccessFactors, BambooHR, ADP, Microsoft Excel, ATS platforms","Recruitment, onboarding, payroll processing, employee relations, HR compliance, performance management, workforce planning, Communication, conflict resolution, leadership, empathy, organizational skills, decision-making, Workday, SAP SuccessFactors, BambooHR, ADP, Microsoft Excel, ATS platforms"
HR CLERK,"Recruitment, onboarding, payroll processing, employee relations, HR compliance, performance management, workforce planning","Communication, conflict resolution, leadership, empathy, organizational skills, decision-making","Workday, SAP SuccessFactors, BambooHR, ADP, Microsoft Excel, ATS platforms","Recruitment, onboarding, payroll processing, employee relations, HR compliance, performance management, workforce planning, Communication, conflict resolution, leadership, empathy, organizational skills, decision-making, Workday, SAP SuccessFactors, BambooHR, ADP, Microsoft Excel, ATS platforms"
HR ASSISTANT,"Recruitment, onboarding, payroll processing, employee relations, HR compliance, performance management, workforce planning","Communication, conflict resolution, leadership, empathy, organizational skills, decision-making","Workday, SAP SuccessFactors, BambooHR, ADP, Microsoft Excel, ATS platforms","Recruitment, onboarding, payroll processing, employee relations, HR compliance, performance management, workforce planning, Communication, conflict resolution, leadership, empathy, organizational skills, decision-making, Workday, SAP SuccessFactors, BambooHR, ADP, Microsoft Excel, ATS platforms"
HR COORDINATOR,"Recruitment, onboarding, payroll processing, employee relations, HR compliance, performance management, workforce planning","Communication, conflict resolution, leadership, empathy, organizational skills, decision-making","Workday, SAP SuccessFactors, BambooHR, ADP, Microsoft Excel, ATS platforms","Recruitment, onboarding, payroll processing, employee relations, HR compliance, performance management, workforce planning, Communication, conflict resolution, leadership, empathy, organizational skills, decision-making, Workday, SAP SuccessFactors, BambooHR, ADP, Microsoft Excel, ATS platforms"
HR ANALYST,"Recruitment, onboarding, payroll processing, employee relations, HR compliance, performance management, workforce planning","Communication, conflict resolution, leadership, empathy, organizational skills, decision-making","Workday, SAP SuccessFactors, BambooHR, ADP, Microsoft Excel, ATS platforms","Recruitment, onboarding, payroll processing, employee relations, HR compliance, performance management, workforce planning, Communication, conflict resolution, leadership, empathy, organizational skills, decision-making, Workday, SAP SuccessFactors, BambooHR, ADP, Microsoft Excel, ATS platforms"
HR CONSULTANT,"Recruitment, onboarding, payroll processing, employee relations, HR compliance, performance management, workforce planning","Communication, conflict resolution, leadership, empathy, organizational skills, decision-making","Workday, SAP SuccessFactors, BambooHR, ADP, Microsoft Excel, ATS platforms","Recruitment, onboarding, payroll processing, employee relations, HR compliance, performance management, workforce planning, Communication, conflict resolution, leadership, empathy, organizational skills, decision-making, Workday, SAP SuccessFactors, BambooHR, ADP, Microsoft Excel, ATS platforms"
HR ASSOCIATE,"Recruitment, onboarding, payroll processing, employee relations, HR compliance, performance management, workforce planning","Communication, conflict resolution, leadership, empathy, organizational skills, decision-making","Workday, SAP SuccessFactors, BambooHR, ADP, Microsoft Excel, ATS platforms","Recruitment, onboarding, payroll processing, employee relations, HR compliance, performance management, workforce planning, Communication, conflict resolution, leadership, empathy, organizational skills, decision-making, Workday, SAP SuccessFactors, BambooHR, ADP, Microsoft Excel, ATS platforms"
HR REPRESENTATIVE,"Recruitment, onboarding, payroll processing, employee relations, HR compliance, performance management, workforce planning","Communication, conflict resolution, leadership, empathy, organizational skills, decision-making","Workday, SAP SuccessFactors, BambooHR, ADP, Microsoft Excel, ATS platforms","Recruitment, onboarding, payroll processing, employee relations, HR compliance, performance management, workforce planning, Communication, conflict resolution, leadership, empathy, organizational skills, decision-making, Workday, SAP SuccessFactors, BambooHR, ADP, Microsoft Excel, ATS platforms"
HR INTERN,"Recruitment, onboarding, payroll processing, employee relations, HR compliance, performance management, workforce planning","Communication, conflict resolution, leadership, empathy, organizational skills, decision-making","Workday, SAP SuccessFactors, BambooHR, ADP, Microsoft Excel, ATS platforms","Recruitment, onboarding, payroll processing, employee relations, HR compliance, performance management, workforce planning, Communication, conflict resolution, leadership, empathy, organizational skills, decision-making, Workday, SAP SuccessFactors, BambooHR, ADP, Microsoft Excel, ATS platforms"
HR PARTNER,"Recruitment, onboarding, payroll processing, employee relations, HR compliance, performance management, workforce planning","Communication, conflict resolution, leadership, empathy, organizational skills, decision-making","Workday, SAP SuccessFactors, BambooHR, ADP, Microsoft Excel, ATS platforms","Recruitment, onboarding, payroll processing, employee relations, HR compliance, performance management, workforce planning, Communication, conflict resolution, leadership, empathy, organizational skills, decision-making, Workday, SAP SuccessFactors, BambooHR, ADP, Microsoft Excel, ATS platforms"
HR EXECUTIVE,"Recruitment, onboarding, payroll processing, employee relations, HR compliance, performance management, workforce planning","Communication, conflict resolution, leadership, empathy, organizational skills, decision-making","Workday, SAP SuccessFactors, BambooHR, ADP, Microsoft Excel, ATS platforms","Recruitment, onboarding, payroll processing, employee relations, HR compliance, performance management, workforce planning, Communication, conflict resolution, leadership, empathy, organizational skills, decision-making, Workday, SAP SuccessFactors, BambooHR, ADP, Microsoft Excel, ATS platforms"
SENIOR HR MANAGER,"Recruitment, onboarding, payroll processing, employee relations, HR compliance, performance management, workforce planning","Communication, conflict resolution, leadership, empathy, organizational skills, decision-making","Workday, SAP SuccessFactors, BambooHR, ADP, Microsoft Excel, ATS platforms","Recruitment, onboarding, payroll processing, employee relations, HR compliance, performance management, workforce planning, Communication, conflict resolution, leadership, empathy, organizational skills, decision-making, Workday, SAP SuccessFactors, BambooHR, ADP, Microsoft Excel, ATS platforms"
HR PAYROLL,"Recruitment, onboarding, payroll processing, employee relations, HR compliance, performance management, workforce planning","Communication, conflict resolution, leadership, empathy, organizational skills, decision-making","Workday, SAP SuccessFactors, BambooHR, ADP, Microsoft Excel, ATS platforms","Recruitment, onboarding, payroll processing, employee relations, HR compliance, performance management, workforce planning, Communication, conflict resolution, leadership, empathy, organizational skills, decision-making, Workday, SAP SuccessFactors, BambooHR, ADP, Microsoft Excel, ATS platforms"
HR BUSINESS PARTNER,"Recruitment, onboarding, payroll processing, employee relations, HR compliance, performance management, workforce planning","Communication, conflict resolution, leadership, empathy, organizational skills, decision-making","Workday, SAP SuccessFactors, BambooHR, ADP, Microsoft Excel, ATS platforms","Recruitment, onboarding, payroll processing, employee relations, HR compliance, performance management, workforce planning, Communication, conflict resolution, leadership, empathy, organizational skills, decision-making, Workday, SAP SuccessFactors, BambooHR, ADP, Microsoft Excel, ATS platforms"
ASSISTANT MANAGER - HR,"Recruitment, onboarding, payroll processing, employee relations, HR compliance, performance management, workforce planning","Communication, conflict resolution, leadership, empathy, organizational skills, decision-making","Workday, SAP SuccessFactors, BambooHR, ADP, Microsoft Excel, ATS platforms","Recruitment, onboarding, payroll processing, employee relations, HR compliance, performance management, workforce planning, Communication, conflict resolution, leadership, empathy, organizational skills, decision-making, Workday, SAP SuccessFactors, BambooHR, ADP, Microsoft Excel, ATS platforms"
REGIONAL HR MANAGER,"Recruitment, onboarding, payroll processing, employee relations, HR compliance, performance management, workforce planning","Communication, conflict resolution, leadership, empathy, organizational skills, decision-making","Workday, SAP SuccessFactors, BambooHR, ADP, Microsoft Excel, ATS platforms","Recruitment, onboarding, payroll processing, employee relations, HR compliance, performance management, workforce planning, Communication, conflict resolution, leadership, empathy, organizational skills, decision-making, Workday, SAP SuccessFactors, BambooHR, ADP, Microsoft Excel, ATS platforms"
HR EMPLOYEE RELATIONS SPECIALIST,"Recruitment, onboarding, payroll processing, employee relations, HR compliance, performance management, workforce planning","Communication, conflict resolution, leadership, empathy, organizational skills, decision-making","Workday, SAP SuccessFactors, BambooHR, ADP, Microsoft Excel, ATS platforms","Recruitment, onboarding, payroll processing, employee relations, HR compliance, performance management, workforce planning, Communication, conflict resolution, leadership, empathy, organizational skills, decision-making, Workday, SAP SuccessFactors, BambooHR, ADP, Microsoft Excel, ATS platforms"
SENIOR HR BUSINESS PARTNER,"Recruitment, onboarding, payroll processing, employee relations, HR compliance, performance management, workforce planning","Communication, conflict resolution, leadership, empathy, organizational skills, decision-making","Workday, SAP SuccessFactors, BambooHR, ADP, Microsoft Excel, ATS platforms","Recruitment, onboarding, payroll processing, employee relations, HR compliance, performance management, workforce planning, Communication, conflict resolution, leadership, empathy, organizational skills, decision-making, Workday, SAP SuccessFactors, BambooHR, ADP, Microsoft Excel, ATS platforms"
RECRUITING AND HR MANAGER,"Recruitment, onboarding, payroll processing, employee relations, HR compliance, performance management, workforce planning","Communication, conflict resolution, leadership, empathy, organizational skills, decision-making","Workday, SAP SuccessFactors, BambooHR, ADP, Microsoft Excel, ATS platforms","Recruitment, onboarding, payroll processing, employee relations, HR compliance, performance management, workforce planning, Communication, conflict resolution, leadership, empathy, organizational skills, decision-making, Workday, SAP SuccessFactors, BambooHR, ADP, Microsoft Excel, ATS platforms"
GLOBAL HR MANAGER,"Recruitment, onboarding, payroll processing, employee relations, HR compliance, performance management, workforce planning","Communication, conflict resolution, leadership, empathy, organizational skills, decision-making","Workday, SAP SuccessFactors, BambooHR, ADP, Microsoft Excel, ATS platforms","Recruitment, onboarding, payroll processing, employee relations, HR compliance, performance management, workforce planning, Communication, conflict resolution, leadership, empathy, organizational skills, decision-making, Workday, SAP SuccessFactors, BambooHR, ADP, Microsoft Excel, ATS platforms"
HR & SAFETY MANAGER,"Recruitment, onboarding, payroll processing, employee relations, HR compliance, performance management, workforce planning","Communication, conflict resolution, leadership, empathy, organizational skills, decision-making","Workday, SAP SuccessFactors, BambooHR, ADP, Microsoft Excel, ATS platforms","Recruitment, onboarding, payroll processing, employee relations, HR compliance, performance management, workforce planning, Communication, conflict resolution, leadership, empathy, organizational skills, decision-making, Workday, SAP SuccessFactors, BambooHR, ADP, Microsoft Excel, ATS platforms"
DIRECTOR OF HR,"Recruitment, onboarding, payroll processing, employee relations, HR compliance, performance management, workforce planning","Communication, conflict resolution, leadership, empathy, organizational skills, decision-making","Workday, SAP SuccessFactors, BambooHR, ADP, Microsoft Excel, ATS platforms","Recruitment, onboarding, payroll processing, employee relations, HR compliance, performance management, workforce planning, Communication, conflict resolution, leadership, empathy, organizational skills, decision-making, Workday, SAP SuccessFactors, BambooHR, ADP, Microsoft Excel, ATS platforms"
EXECUTIVE ASSISTANT HR,"Recruitment, onboarding, payroll processing, employee relations, HR compliance, performance management, workforce planning","Communication, conflict resolution, leadership, empathy, organizational skills, decision-making","Workday, SAP SuccessFactors, BambooHR, ADP, Microsoft Excel, ATS platforms","Recruitment, onboarding, payroll processing, employee relations, HR compliance, performance management, workforce planning, Communication, conflict resolution, leadership, empathy, organizational skills, decision-making, Workday, SAP SuccessFactors, BambooHR, ADP, Microsoft Excel, ATS platforms"
GRAPHIC DESIGNER,"UI/UX design, branding, typography, visual design, wireframing, prototyping, layout design","Creativity, collaboration, attention to detail, communication, time management","Adobe Photoshop, Illustrator, Figma, Canva, Sketch, AutoCAD","UI/UX design, branding, typography, visual design, wireframing, prototyping, layout design, Creativity, collaboration, attention to detail, communication, time management, Adobe Photoshop, Illustrator, Figma, Canva, Sketch, AutoCAD"
MULTIMEDIA DESIGNER,"UI/UX design, branding, typography, visual design, wireframing, prototyping, layout design","Creativity, collaboration, attention to detail, communication, time management","Adobe Photoshop, Illustrator, Figma, Canva, Sketch, AutoCAD","UI/UX design, branding, typography, visual design, wireframing, prototyping, layout design, Creativity, collaboration, attention to detail, communication, time management, Adobe Photoshop, Illustrator, Figma, Canva, Sketch, AutoCAD"
TECHNICAL DESIGNER,"UI/UX design, branding, typography, visual design, wireframing, prototyping, layout design","Creativity, collaboration, attention to detail, communication, time management","Adobe Photoshop, Illustrator, Figma, Canva, Sketch, AutoCAD","UI/UX design, branding, typography, visual design, wireframing, prototyping, layout design, Creativity, collaboration, attention to detail, communication, time management, Adobe Photoshop, Illustrator, Figma, Canva, Sketch, AutoCAD"
MECHANICAL DESIGNER,"UI/UX design, branding, typography, visual design, wireframing, prototyping, layout design","Creativity, collaboration, attention to detail, communication, time management","Adobe Photoshop, Illustrator, Figma, Canva, Sketch, AutoCAD","UI/UX design, branding, typography, visual design, wireframing, prototyping, layout design, Creativity, collaboration, attention to detail, communication, time management, Adobe Photoshop, Illustrator, Figma, Canva, Sketch, AutoCAD"
WEBSITE DESIGNER,"UI/UX design, branding, typography, visual design, wireframing, prototyping, layout design","Creativity, collaboration, attention to detail, communication, time management","Adobe Photoshop, Illustrator, Figma, Canva, Sketch, AutoCAD","UI/UX design, branding, typography, visual design, wireframing, prototyping, layout design, Creativity, collaboration, attention to detail, communication, time management, Adobe Photoshop, Illustrator, Figma, Canva, Sketch, AutoCAD"
INSTRUCTIONAL DESIGNER,"UI/UX design, branding, typography, visual design, wireframing, prototyping, layout design","Creativity, collaboration, attention to detail, communication, time management","Adobe Photoshop, Illustrator, Figma, Canva, Sketch, AutoCAD","UI/UX design, branding, typography, visual design, wireframing, prototyping, layout design, Creativity, collaboration, attention to detail, communication, time management, Adobe Photoshop, Illustrator, Figma, Canva, Sketch, AutoCAD"
PRODUCT DESIGNER,"UI/UX design, branding, typography, visual design, wireframing, prototyping, layout design","Creativity, collaboration, attention to detail, communication, time management","Adobe Photoshop, Illustrator, Figma, Canva, Sketch, AutoCAD","UI/UX design, branding, typography, visual design, wireframing, prototyping, layout design, Creativity, collaboration, attention to detail, communication, time management, Adobe Photoshop, Illustrator, Figma, Canva, Sketch, AutoCAD"
WEB DESIGNER,"UI/UX design, branding, typography, visual design, wireframing, prototyping, layout design","Creativity, collaboration, attention to detail, communication, time management","Adobe Photoshop, Illustrator, Figma, Canva, Sketch, AutoCAD","UI/UX design, branding, typography, visual design, wireframing, prototyping, layout design, Creativity, collaboration, attention to detail, communication, time management, Adobe Photoshop, Illustrator, Figma, Canva, Sketch, AutoCAD"
INTERIOR DESIGNER,"UI/UX design, branding, typography, visual design, wireframing, prototyping, layout design","Creativity, collaboration, attention to detail, communication, time management","Adobe Photoshop, Illustrator, Figma, Canva, Sketch, AutoCAD","UI/UX design, branding, typography, visual design, wireframing, prototyping, layout design, Creativity, collaboration, attention to detail, communication, time management, Adobe Photoshop, Illustrator, Figma, Canva, Sketch, AutoCAD"
CAD DESIGNER,"UI/UX design, branding, typography, visual design, wireframing, prototyping, layout design","Creativity, collaboration, attention to detail, communication, time management","Adobe Photoshop, Illustrator, Figma, Canva, Sketch, AutoCAD","UI/UX design, branding, typography, visual design, wireframing, prototyping, layout design, Creativity, collaboration, attention to detail, communication, time management, Adobe Photoshop, Illustrator, Figma, Canva, Sketch, AutoCAD"
PROJECT DESIGNER,"UI/UX design, branding, typography, visual design, wireframing, prototyping, layout design","Creativity, collaboration, attention to detail, communication, time management","Adobe Photoshop, Illustrator, Figma, Canva, Sketch, AutoCAD","UI/UX design, branding, typography, visual design, wireframing, prototyping, layout design, Creativity, collaboration, attention to detail, communication, time management, Adobe Photoshop, Illustrator, Figma, Canva, Sketch, AutoCAD"
LEAD DESIGNER,"UI/UX design, branding, typography, visual design, wireframing, prototyping, layout design","Creativity, collaboration, attention to detail, communication, time management","Adobe Photoshop, Illustrator, Figma, Canva, Sketch, AutoCAD","UI/UX design, branding, typography, visual design, wireframing, prototyping, layout design, Creativity, collaboration, attention to detail, communication, time management, Adobe Photoshop, Illustrator, Figma, Canva, Sketch, AutoCAD"
DIGITAL DESIGNER,"UI/UX design, branding, typography, visual design, wireframing, prototyping, layout design","Creativity, collaboration, attention to detail, communication, time management","Adobe Photoshop, Illustrator, Figma, Canva, Sketch, AutoCAD","UI/UX design, branding, typography, visual design, wireframing, prototyping, layout design, Creativity, collaboration, attention to detail, communication, time management, Adobe Photoshop, Illustrator, Figma, Canva, Sketch, AutoCAD"
SENIOR INTERIOR DESIGNER,"UI/UX design, branding, typography, visual design, wireframing, prototyping, layout design","Creativity, collaboration, attention to detail, communication, time management","Adobe Photoshop, Illustrator, Figma, Canva, Sketch, AutoCAD","UI/UX design, branding, typography, visual design, wireframing, prototyping, layout design, Creativity, collaboration, attention to detail, communication, time management, Adobe Photoshop, Illustrator, Figma, Canva, Sketch, AutoCAD"
SENIOR PRODUCT DESIGNER,"UI/UX design, branding, typography, visual design, wireframing, prototyping, layout design","Creativity, collaboration, attention to detail, communication, time management","Adobe Photoshop, Illustrator, Figma, Canva, Sketch, AutoCAD","UI/UX design, branding, typography, visual design, wireframing, prototyping, layout design, Creativity, collaboration, attention to detail, communication, time management, Adobe Photoshop, Illustrator, Figma, Canva, Sketch, AutoCAD"
SENIOR GRAPHIC DESIGNER,"UI/UX design, branding, typography, visual design, wireframing, prototyping, layout design","Creativity, collaboration, attention to detail, communication, time management","Adobe Photoshop, Illustrator, Figma, Canva, Sketch, AutoCAD","UI/UX design, branding, typography, visual design, wireframing, prototyping, layout design, Creativity, collaboration, attention to detail, communication, time management, Adobe Photoshop, Illustrator, Figma, Canva, Sketch, AutoCAD"
FREELANCE GRAPHIC DESIGNER,"UI/UX design, branding, typography, visual design, wireframing, prototyping, layout design","Creativity, collaboration, attention to detail, communication, time management","Adobe Photoshop, Illustrator, Figma, Canva, Sketch, AutoCAD","UI/UX design, branding, typography, visual design, wireframing, prototyping, layout design, Creativity, collaboration, attention to detail, communication, time management, Adobe Photoshop, Illustrator, Figma, Canva, Sketch, AutoCAD"
PROJECT MANAGER,"Operations management, logistics, scheduling, inventory control, workflow optimization","Leadership, multitasking, organization, communication, decision-making","ERP systems, Trello, Jira, SAP, Microsoft Office","Operations management, logistics, scheduling, inventory control, workflow optimization, Leadership, multitasking, organization, communication, decision-making, ERP systems, Trello, Jira, SAP, Microsoft Office"
MARKETING COORDINATOR,"SEO, digital marketing, campaign management, social media strategy, analytics","Creativity, strategic thinking, communication, collaboration, adaptability","Google Analytics, HubSpot, Meta Ads Manager, Hootsuite, Canva","SEO, digital marketing, campaign management, social media strategy, analytics, Creativity, strategic thinking, communication, collaboration, adaptability, Google Analytics, HubSpot, Meta Ads Manager, Hootsuite, Canva"
INFORMATION TECHNOLOGY SPECIALIST,"Programming, networking, database management, troubleshooting, cloud computing, cybersecurity","Analytical thinking, adaptability, teamwork, communication, problem-solving","Python, Java, SQL, AWS, Azure, Linux, Git, Docker, Jira","Programming, networking, database management, troubleshooting, cloud computing, cybersecurity, Analytical thinking, adaptability, teamwork, communication, problem-solving, Python, Java, SQL, AWS, Azure, Linux, Git, Docker, Jira"
INFORMATION TECHNOLOGY MANAGER,"Programming, networking, database management, troubleshooting, cloud computing, cybersecurity","Analytical thinking, adaptability, teamwork, communication, problem-solving","Python, Java, SQL, AWS, Azure, Linux, Git, Docker, Jira","Programming, networking, database management, troubleshooting, cloud computing, cybersecurity, Analytical thinking, adaptability, teamwork, communication, problem-solving, Python, Java, SQL, AWS, Azure, Linux, Git, Docker, Jira"
INFORMATION TECHNOLOGY ANALYST,"Programming, networking, database management, troubleshooting, cloud computing, cybersecurity","Analytical thinking, adaptability, teamwork, communication, problem-solving","Python, Java, SQL, AWS, Azure, Linux, Git, Docker, Jira","Programming, networking, database management, troubleshooting, cloud computing, cybersecurity, Analytical thinking, adaptability, teamwork, communication, problem-solving, Python, Java, SQL, AWS, Azure, Linux, Git, Docker, Jira"
INFORMATION TECHNOLOGY CONSULTANT,"Programming, networking, database management, troubleshooting, cloud computing, cybersecurity","Analytical thinking, adaptability, teamwork, communication, problem-solving","Python, Java, SQL, AWS, Azure, Linux, Git, Docker, Jira","Programming, networking, database management, troubleshooting, cloud computing, cybersecurity, Analytical thinking, adaptability, teamwork, communication, problem-solving, Python, Java, SQL, AWS, Azure, Linux, Git, Docker, Jira"
INFORMATION TECHNOLOGY DIRECTOR,"Programming, networking, database management, troubleshooting, cloud computing, cybersecurity","Analytical thinking, adaptability, teamwork, communication, problem-solving","Python, Java, SQL, AWS, Azure, Linux, Git, Docker, Jira","Programming, networking, database management, troubleshooting, cloud computing, cybersecurity, Analytical thinking, adaptability, teamwork, communication, problem-solving, Python, Java, SQL, AWS, Azure, Linux, Git, Docker, Jira"
IT MANAGER,"Programming, networking, database management, troubleshooting, cloud computing, cybersecurity","Analytical thinking, adaptability, teamwork, communication, problem-solving","Python, Java, SQL, AWS, Azure, Linux, Git, Docker, Jira","Programming, networking, database management, troubleshooting, cloud computing, cybersecurity, Analytical thinking, adaptability, teamwork, communication, problem-solving, Python, Java, SQL, AWS, Azure, Linux, Git, Docker, Jira"
IT DIRECTOR,"Programming, networking, database management, troubleshooting, cloud computing, cybersecurity","Analytical thinking, adaptability, teamwork, communication, problem-solving","Python, Java, SQL, AWS, Azure, Linux, Git, Docker, Jira","Programming, networking, database management, troubleshooting, cloud computing, cybersecurity, Analytical thinking, adaptability, teamwork, communication, problem-solving, Python, Java, SQL, AWS, Azure, Linux, Git, Docker, Jira"
SYSTEM ADMINISTRATOR,"Programming, networking, database management, troubleshooting, cloud computing, cybersecurity","Analytical thinking, adaptability, teamwork, communication, problem-solving","Python, Java, SQL, AWS, Azure, Linux, Git, Docker, Jira","Programming, networking, database management, troubleshooting, cloud computing, cybersecurity, Analytical thinking, adaptability, teamwork, communication, problem-solving, Python, Java, SQL, AWS, Azure, Linux, Git, Docker, Jira"
DATABASE PROGRAMMER,"Programming, networking, database management, troubleshooting, cloud computing, cybersecurity","Analytical thinking, adaptability, teamwork, communication, problem-solving","Python, Java, SQL, AWS, Azure, Linux, Git, Docker, Jira","Programming, networking, database management, troubleshooting, cloud computing, cybersecurity, Analytical thinking, adaptability, teamwork, communication, problem-solving, Python, Java, SQL, AWS, Azure, Linux, Git, Docker, Jira"
ASP.NET WEB DEVELOPER,"Programming, networking, database management, troubleshooting, cloud computing, cybersecurity","Analytical thinking, adaptability, teamwork, communication, problem-solving","Python, Java, SQL, AWS, Azure, Linux, Git, Docker, Jira","Programming, networking, database management, troubleshooting, cloud computing, cybersecurity, Analytical thinking, adaptability, teamwork, communication, problem-solving, Python, Java, SQL, AWS, Azure, Linux, Git, Docker, Jira"
SOFTWARE DEVELOPER,"Programming, networking, database management, troubleshooting, cloud computing, cybersecurity","Analytical thinking, adaptability, teamwork, communication, problem-solving","Python, Java, SQL, AWS, Azure, Linux, Git, Docker, Jira","Programming, networking, database management, troubleshooting, cloud computing, cybersecurity, Analytical thinking, adaptability, teamwork, communication, problem-solving, Python, Java, SQL, AWS, Azure, Linux, Git, Docker, Jira"
SOFTWARE ENGINEER,"Programming, networking, database management, troubleshooting, cloud computing, cybersecurity","Analytical thinking, adaptability, teamwork, communication, problem-solving","Python, Java, SQL, AWS, Azure, Linux, Git, Docker, Jira","Programming, networking, database management, troubleshooting, cloud computing, cybersecurity, Analytical thinking, adaptability, teamwork, communication, problem-solving, Python, Java, SQL, AWS, Azure, Linux, Git, Docker, Jira"
NETWORK ADMINISTRATOR,"Programming, networking, database management, troubleshooting, cloud computing, cybersecurity","Analytical thinking, adaptability, teamwork, communication, problem-solving","Python, Java, SQL, AWS, Azure, Linux, Git, Docker, Jira","Programming, networking, database management, troubleshooting, cloud computing, cybersecurity, Analytical thinking, adaptability, teamwork, communication, problem-solving, Python, Java, SQL, AWS, Azure, Linux, Git, Docker, Jira"
IT SUPPORT TECHNICIAN,"Programming, networking, database management, troubleshooting, cloud computing, cybersecurity","Analytical thinking, adaptability, teamwork, communication, problem-solving","Python, Java, SQL, AWS, Azure, Linux, Git, Docker, Jira","Programming, networking, database management, troubleshooting, cloud computing, cybersecurity, Analytical thinking, adaptability, teamwork, communication, problem-solving, Python, Java, SQL, AWS, Azure, Linux, Git, Docker, Jira"
IT SUPPORT OFFICER,"Programming, networking, database management, troubleshooting, cloud computing, cybersecurity","Analytical thinking, adaptability, teamwork, communication, problem-solving","Python, Java, SQL, AWS, Azure, Linux, Git, Docker, Jira","Programming, networking, database management, troubleshooting, cloud computing, cybersecurity, Analytical thinking, adaptability, teamwork, communication, problem-solving, Python, Java, SQL, AWS, Azure, Linux, Git, Docker, Jira"
DESKTOP SUPPORT ENGINEER,"Technical design, project engineering, CAD modeling, systems analysis, quality control","Problem-solving, innovation, teamwork, communication, analytical thinking","AutoCAD, SolidWorks, MATLAB, PLC systems, MS Project","Technical design, project engineering, CAD modeling, systems analysis, quality control, Problem-solving, innovation, teamwork, communication, analytical thinking, AutoCAD, SolidWorks, MATLAB, PLC systems, MS Project"
NOC ENGINEER,"Technical design, project engineering, CAD modeling, systems analysis, quality control","Problem-solving, innovation, teamwork, communication, analytical thinking","AutoCAD, SolidWorks, MATLAB, PLC systems, MS Project","Technical design, project engineering, CAD modeling, systems analysis, quality control, Problem-solving, innovation, teamwork, communication, analytical thinking, AutoCAD, SolidWorks, MATLAB, PLC systems, MS Project"
SR. NETWORK ENGINEER,"Programming, networking, database management, troubleshooting, cloud computing, cybersecurity","Analytical thinking, adaptability, teamwork, communication, problem-solving","Python, Java, SQL, AWS, Azure, Linux, Git, Docker, Jira","Programming, networking, database management, troubleshooting, cloud computing, cybersecurity, Analytical thinking, adaptability, teamwork, communication, problem-solving, Python, Java, SQL, AWS, Azure, Linux, Git, Docker, Jira"
SENIOR NETWORK SECURITY ENGINEER,"Programming, networking, database management, troubleshooting, cloud computing, cybersecurity","Analytical thinking, adaptability, teamwork, communication, problem-solving","Python, Java, SQL, AWS, Azure, Linux, Git, Docker, Jira","Programming, networking, database management, troubleshooting, cloud computing, cybersecurity, Analytical thinking, adaptability, teamwork, communication, problem-solving, Python, Java, SQL, AWS, Azure, Linux, Git, Docker, Jira"
TEACHER,"Lesson planning, curriculum development, classroom management, student assessment","Patience, mentoring, communication, adaptability, leadership","Google Classroom, Moodle, Zoom, Microsoft Office, Blackboard","Lesson planning, curriculum development, classroom management, student assessment, Patience, mentoring, communication, adaptability, leadership, Google Classroom, Moodle, Zoom, Microsoft Office, Blackboard"
MATH TEACHER,"Lesson planning, curriculum development, classroom management, student assessment","Patience, mentoring, communication, adaptability, leadership","Google Classroom, Moodle, Zoom, Microsoft Office, Blackboard","Lesson planning, curriculum development, classroom management, student assessment, Patience, mentoring, communication, adaptability, leadership, Google Classroom, Moodle, Zoom, Microsoft Office, Blackboard"
ENGLISH TEACHER,"Lesson planning, curriculum development, classroom management, student assessment","Patience, mentoring, communication, adaptability, leadership","Google Classroom, Moodle, Zoom, Microsoft Office, Blackboard","Lesson planning, curriculum development, classroom management, student assessment, Patience, mentoring, communication, adaptability, leadership, Google Classroom, Moodle, Zoom, Microsoft Office, Blackboard"
SCIENCE TEACHER,"Lesson planning, curriculum development, classroom management, student assessment","Patience, mentoring, communication, adaptability, leadership","Google Classroom, Moodle, Zoom, Microsoft Office, Blackboard","Lesson planning, curriculum development, classroom management, student assessment, Patience, mentoring, communication, adaptability, leadership, Google Classroom, Moodle, Zoom, Microsoft Office, Blackboard"
BIOLOGY TEACHER,"Lesson planning, curriculum development, classroom management, student assessment","Patience, mentoring, communication, adaptability, leadership","Google Classroom, Moodle, Zoom, Microsoft Office, Blackboard","Lesson planning, curriculum development, classroom management, student assessment, Patience, mentoring, communication, adaptability, leadership, Google Classroom, Moodle, Zoom, Microsoft Office, Blackboard"
ART TEACHER,"Lesson planning, curriculum development, classroom management, student assessment","Patience, mentoring, communication, adaptability, leadership","Google Classroom, Moodle, Zoom, Microsoft Office, Blackboard","Lesson planning, curriculum development, classroom management, student assessment, Patience, mentoring, communication, adaptability, leadership, Google Classroom, Moodle, Zoom, Microsoft Office, Blackboard"
HISTORY TEACHER,"Lesson planning, curriculum development, classroom management, student assessment","Patience, mentoring, communication, adaptability, leadership","Google Classroom, Moodle, Zoom, Microsoft Office, Blackboard","Lesson planning, curriculum development, classroom management, student assessment, Patience, mentoring, communication, adaptability, leadership, Google Classroom, Moodle, Zoom, Microsoft Office, Blackboard"
PRESCHOOL TEACHER,"Lesson planning, curriculum development, classroom management, student assessment","Patience, mentoring, communication, adaptability, leadership","Google Classroom, Moodle, Zoom, Microsoft Office, Blackboard","Lesson planning, curriculum development, classroom management, student assessment, Patience, mentoring, communication, adaptability, leadership, Google Classroom, Moodle, Zoom, Microsoft Office, Blackboard"
LEAD TEACHER,"Lesson planning, curriculum development, classroom management, student assessment","Patience, mentoring, communication, adaptability, leadership","Google Classroom, Moodle, Zoom, Microsoft Office, Blackboard","Lesson planning, curriculum development, classroom management, student assessment, Patience, mentoring, communication, adaptability, leadership, Google Classroom, Moodle, Zoom, Microsoft Office, Blackboard"
ASSISTANT TEACHER,"Lesson planning, curriculum development, classroom management, student assessment","Patience, mentoring, communication, adaptability, leadership","Google Classroom, Moodle, Zoom, Microsoft Office, Blackboard","Lesson planning, curriculum development, classroom management, student assessment, Patience, mentoring, communication, adaptability, leadership, Google Classroom, Moodle, Zoom, Microsoft Office, Blackboard"
TEACHER ASSISTANT,"Lesson planning, curriculum development, classroom management, student assessment","Patience, mentoring, communication, adaptability, leadership","Google Classroom, Moodle, Zoom, Microsoft Office, Blackboard","Lesson planning, curriculum development, classroom management, student assessment, Patience, mentoring, communication, adaptability, leadership, Google Classroom, Moodle, Zoom, Microsoft Office, Blackboard"
READING TEACHER,"Lesson planning, curriculum development, classroom management, student assessment","Patience, mentoring, communication, adaptability, leadership","Google Classroom, Moodle, Zoom, Microsoft Office, Blackboard","Lesson planning, curriculum development, classroom management, student assessment, Patience, mentoring, communication, adaptability, leadership, Google Classroom, Moodle, Zoom, Microsoft Office, Blackboard"
ENGINEERING TEACHER,"Lesson planning, curriculum development, classroom management, student assessment","Patience, mentoring, communication, adaptability, leadership","Google Classroom, Moodle, Zoom, Microsoft Office, Blackboard","Lesson planning, curriculum development, classroom management, student assessment, Patience, mentoring, communication, adaptability, leadership, Google Classroom, Moodle, Zoom, Microsoft Office, Blackboard"
ADVOCATE,"Documentation, reporting, administrative support, customer service","Communication, organization, adaptability, teamwork, multitasking","Microsoft Office, Google Workspace, CRM software","Documentation, reporting, administrative support, customer service, Communication, organization, adaptability, teamwork, multitasking, Microsoft Office, Google Workspace, CRM software"
PATIENT ADVOCATE,"Patient care, clinical documentation, healthcare compliance, medical terminology","Empathy, critical thinking, teamwork, communication, attention to detail","Epic EHR, Cerner, Meditech, Microsoft Office, healthcare systems","Patient care, clinical documentation, healthcare compliance, medical terminology, Empathy, critical thinking, teamwork, communication, attention to detail, Epic EHR, Cerner, Meditech, Microsoft Office, healthcare systems"
CUSTOMER ADVOCATE,"Documentation, reporting, administrative support, customer service","Communication, organization, adaptability, teamwork, multitasking","Microsoft Office, Google Workspace, CRM software","Documentation, reporting, administrative support, customer service, Communication, organization, adaptability, teamwork, multitasking, Microsoft Office, Google Workspace, CRM software"
COMMUNITY ADVOCATE,"Documentation, reporting, administrative support, customer service","Communication, organization, adaptability, teamwork, multitasking","Microsoft Office, Google Workspace, CRM software","Documentation, reporting, administrative support, customer service, Communication, organization, adaptability, teamwork, multitasking, Microsoft Office, Google Workspace, CRM software"
CLIENT ADVOCATE,"Documentation, reporting, administrative support, customer service","Communication, organization, adaptability, teamwork, multitasking","Microsoft Office, Google Workspace, CRM software","Documentation, reporting, administrative support, customer service, Communication, organization, adaptability, teamwork, multitasking, Microsoft Office, Google Workspace, CRM software"
CASE MANAGER,"Operations management, logistics, scheduling, inventory control, workflow optimization","Leadership, multitasking, organization, communication, decision-making","ERP systems, Trello, Jira, SAP, Microsoft Office","Operations management, logistics, scheduling, inventory control, workflow optimization, Leadership, multitasking, organization, communication, decision-making, ERP systems, Trello, Jira, SAP, Microsoft Office"
CUSTOMER CARE ADVOCATE,"Documentation, reporting, administrative support, customer service","Communication, organization, adaptability, teamwork, multitasking","Microsoft Office, Google Workspace, CRM software","Documentation, reporting, administrative support, customer service, Communication, organization, adaptability, teamwork, multitasking, Microsoft Office, Google Workspace, CRM software"
REGISTERED NURSE,"Patient care, clinical documentation, healthcare compliance, medical terminology","Empathy, critical thinking, teamwork, communication, attention to detail","Epic EHR, Cerner, Meditech, Microsoft Office, healthcare systems","Patient care, clinical documentation, healthcare compliance, medical terminology, Empathy, critical thinking, teamwork, communication, attention to detail, Epic EHR, Cerner, Meditech, Microsoft Office, healthcare systems"
RN,"Documentation, reporting, administrative support, customer service","Communication, organization, adaptability, teamwork, multitasking","Microsoft Office, Google Workspace, CRM software","Documentation, reporting, administrative support, customer service, Communication, organization, adaptability, teamwork, multitasking, Microsoft Office, Google Workspace, CRM software"
CHARGE NURSE,"Patient care, clinical documentation, healthcare compliance, medical terminology","Empathy, critical thinking, teamwork, communication, attention to detail","Epic EHR, Cerner, Meditech, Microsoft Office, healthcare systems","Patient care, clinical documentation, healthcare compliance, medical terminology, Empathy, critical thinking, teamwork, communication, attention to detail, Epic EHR, Cerner, Meditech, Microsoft Office, healthcare systems"
NURSE CLINICIAN,"Patient care, clinical documentation, healthcare compliance, medical terminology","Empathy, critical thinking, teamwork, communication, attention to detail","Epic EHR, Cerner, Meditech, Microsoft Office, healthcare systems","Patient care, clinical documentation, healthcare compliance, medical terminology, Empathy, critical thinking, teamwork, communication, attention to detail, Epic EHR, Cerner, Meditech, Microsoft Office, healthcare systems"
PATIENT EXPERIENCE MANAGER,"Patient care, clinical documentation, healthcare compliance, medical terminology","Empathy, critical thinking, teamwork, communication, attention to detail","Epic EHR, Cerner, Meditech, Microsoft Office, healthcare systems","Patient care, clinical documentation, healthcare compliance, medical terminology, Empathy, critical thinking, teamwork, communication, attention to detail, Epic EHR, Cerner, Meditech, Microsoft Office, healthcare systems"
PATIENT SERVICE REPRESENTATIVE,"Patient care, clinical documentation, healthcare compliance, medical terminology","Empathy, critical thinking, teamwork, communication, attention to detail","Epic EHR, Cerner, Meditech, Microsoft Office, healthcare systems","Patient care, clinical documentation, healthcare compliance, medical terminology, Empathy, critical thinking, teamwork, communication, attention to detail, Epic EHR, Cerner, Meditech, Microsoft Office, healthcare systems"
MEDICAL SUPPORT ASSISTANT,"Patient care, clinical documentation, healthcare compliance, medical terminology","Empathy, critical thinking, teamwork, communication, attention to detail","Epic EHR, Cerner, Meditech, Microsoft Office, healthcare systems","Patient care, clinical documentation, healthcare compliance, medical terminology, Empathy, critical thinking, teamwork, communication, attention to detail, Epic EHR, Cerner, Meditech, Microsoft Office, healthcare systems"
MEDICAL RECORD TECHNICIAN,"Patient care, clinical documentation, healthcare compliance, medical terminology","Empathy, critical thinking, teamwork, communication, attention to detail","Epic EHR, Cerner, Meditech, Microsoft Office, healthcare systems","Patient care, clinical documentation, healthcare compliance, medical terminology, Empathy, critical thinking, teamwork, communication, attention to detail, Epic EHR, Cerner, Meditech, Microsoft Office, healthcare systems"
HEALTH INFORMATION SPECIALIST,"Patient care, clinical documentation, healthcare compliance, medical terminology","Empathy, critical thinking, teamwork, communication, attention to detail","Epic EHR, Cerner, Meditech, Microsoft Office, healthcare systems","Patient care, clinical documentation, healthcare compliance, medical terminology, Empathy, critical thinking, teamwork, communication, attention to detail, Epic EHR, Cerner, Meditech, Microsoft Office, healthcare systems"
OCCUPATIONAL THERAPIST,"Patient care, clinical documentation, healthcare compliance, medical terminology","Empathy, critical thinking, teamwork, communication, attention to detail","Epic EHR, Cerner, Meditech, Microsoft Office, healthcare systems","Patient care, clinical documentation, healthcare compliance, medical terminology, Empathy, critical thinking, teamwork, communication, attention to detail, Epic EHR, Cerner, Meditech, Microsoft Office, healthcare systems"
CERTIFIED NURSING ASSISTANT,"Documentation, reporting, administrative support, customer service","Communication, organization, adaptability, teamwork, multitasking","Microsoft Office, Google Workspace, CRM software","Documentation, reporting, administrative support, customer service, Communication, organization, adaptability, teamwork, multitasking, Microsoft Office, Google Workspace, CRM software"
PHLEBOTOMIST,"Patient care, clinical documentation, healthcare compliance, medical terminology","Empathy, critical thinking, teamwork, communication, attention to detail","Epic EHR, Cerner, Meditech, Microsoft Office, healthcare systems","Patient care, clinical documentation, healthcare compliance, medical terminology, Empathy, critical thinking, teamwork, communication, attention to detail, Epic EHR, Cerner, Meditech, Microsoft Office, healthcare systems"
FIELD NURSE,"Patient care, clinical documentation, healthcare compliance, medical terminology","Empathy, critical thinking, teamwork, communication, attention to detail","Epic EHR, Cerner, Meditech, Microsoft Office, healthcare systems","Patient care, clinical documentation, healthcare compliance, medical terminology, Empathy, critical thinking, teamwork, communication, attention to detail, Epic EHR, Cerner, Meditech, Microsoft Office, healthcare systems"
LICENSED PRACTICAL NURSE,"Patient care, clinical documentation, healthcare compliance, medical terminology","Empathy, critical thinking, teamwork, communication, attention to detail","Epic EHR, Cerner, Meditech, Microsoft Office, healthcare systems","Patient care, clinical documentation, healthcare compliance, medical terminology, Empathy, critical thinking, teamwork, communication, attention to detail, Epic EHR, Cerner, Meditech, Microsoft Office, healthcare systems"
CARE COORDINATOR,"Operations management, logistics, scheduling, inventory control, workflow optimization","Leadership, multitasking, organization, communication, decision-making","ERP systems, Trello, Jira, SAP, Microsoft Office","Operations management, logistics, scheduling, inventory control, workflow optimization, Leadership, multitasking, organization, communication, decision-making, ERP systems, Trello, Jira, SAP, Microsoft Office"
MEDICAL SCRIBE,"Patient care, clinical documentation, healthcare compliance, medical terminology","Empathy, critical thinking, teamwork, communication, attention to detail","Epic EHR, Cerner, Meditech, Microsoft Office, healthcare systems","Patient care, clinical documentation, healthcare compliance, medical terminology, Empathy, critical thinking, teamwork, communication, attention to detail, Epic EHR, Cerner, Meditech, Microsoft Office, healthcare systems"
HEALTH COACH,"Patient care, clinical documentation, healthcare compliance, medical terminology","Empathy, critical thinking, teamwork, communication, attention to detail","Epic EHR, Cerner, Meditech, Microsoft Office, healthcare systems","Patient care, clinical documentation, healthcare compliance, medical terminology, Empathy, critical thinking, teamwork, communication, attention to detail, Epic EHR, Cerner, Meditech, Microsoft Office, healthcare systems"
BUSINESS DEVELOPMENT MANAGER,"Operations management, logistics, scheduling, inventory control, workflow optimization","Leadership, multitasking, organization, communication, decision-making","ERP systems, Trello, Jira, SAP, Microsoft Office","Operations management, logistics, scheduling, inventory control, workflow optimization, Leadership, multitasking, organization, communication, decision-making, ERP systems, Trello, Jira, SAP, Microsoft Office"
BUSINESS DEVELOPMENT ANALYST,"Business development, market analysis, client relationship management, strategic planning","Negotiation, leadership, communication, decision-making, networking","Salesforce, HubSpot, Microsoft Excel, Power BI, CRM systems","Business development, market analysis, client relationship management, strategic planning, Negotiation, leadership, communication, decision-making, networking, Salesforce, HubSpot, Microsoft Excel, Power BI, CRM systems"
BUSINESS DEVELOPMENT REPRESENTATIVE,"Business development, market analysis, client relationship management, strategic planning","Negotiation, leadership, communication, decision-making, networking","Salesforce, HubSpot, Microsoft Excel, Power BI, CRM systems","Business development, market analysis, client relationship management, strategic planning, Negotiation, leadership, communication, decision-making, networking, Salesforce, HubSpot, Microsoft Excel, Power BI, CRM systems"
BUSINESS DEVELOPMENT CONSULTANT,"Business development, market analysis, client relationship management, strategic planning","Negotiation, leadership, communication, decision-making, networking","Salesforce, HubSpot, Microsoft Excel, Power BI, CRM systems","Business development, market analysis, client relationship management, strategic planning, Negotiation, leadership, communication, decision-making, networking, Salesforce, HubSpot, Microsoft Excel, Power BI, CRM systems"
BUSINESS DEVELOPMENT EXECUTIVE,"Business development, market analysis, client relationship management, strategic planning","Negotiation, leadership, communication, decision-making, networking","Salesforce, HubSpot, Microsoft Excel, Power BI, CRM systems","Business development, market analysis, client relationship management, strategic planning, Negotiation, leadership, communication, decision-making, networking, Salesforce, HubSpot, Microsoft Excel, Power BI, CRM systems"
BUSINESS DEVELOPMENT ASSOCIATE,"Business development, market analysis, client relationship management, strategic planning","Negotiation, leadership, communication, decision-making, networking","Salesforce, HubSpot, Microsoft Excel, Power BI, CRM systems","Business development, market analysis, client relationship management, strategic planning, Negotiation, leadership, communication, decision-making, networking, Salesforce, HubSpot, Microsoft Excel, Power BI, CRM systems"
BUSINESS DEVELOPMENT DIRECTOR,"Operations management, logistics, scheduling, inventory control, workflow optimization","Leadership, multitasking, organization, communication, decision-making","ERP systems, Trello, Jira, SAP, Microsoft Office","Operations management, logistics, scheduling, inventory control, workflow optimization, Leadership, multitasking, organization, communication, decision-making, ERP systems, Trello, Jira, SAP, Microsoft Office"
DIRECTOR OF BUSINESS DEVELOPMENT,"Operations management, logistics, scheduling, inventory control, workflow optimization","Leadership, multitasking, organization, communication, decision-making","ERP systems, Trello, Jira, SAP, Microsoft Office","Operations management, logistics, scheduling, inventory control, workflow optimization, Leadership, multitasking, organization, communication, decision-making, ERP systems, Trello, Jira, SAP, Microsoft Office"
VP OF BUSINESS DEVELOPMENT,"Operations management, logistics, scheduling, inventory control, workflow optimization","Leadership, multitasking, organization, communication, decision-making","ERP systems, Trello, Jira, SAP, Microsoft Office","Operations management, logistics, scheduling, inventory control, workflow optimization, Leadership, multitasking, organization, communication, decision-making, ERP systems, Trello, Jira, SAP, Microsoft Office"
HEALTHCARE ADMINISTRATOR,"Patient care, clinical documentation, healthcare compliance, medical terminology","Empathy, critical thinking, teamwork, communication, attention to detail","Epic EHR, Cerner, Meditech, Microsoft Office, healthcare systems","Patient care, clinical documentation, healthcare compliance, medical terminology, Empathy, critical thinking, teamwork, communication, attention to detail, Epic EHR, Cerner, Meditech, Microsoft Office, healthcare systems"
HEALTHCARE RECRUITER,"Recruitment, onboarding, payroll processing, employee relations, HR compliance, performance management, workforce planning","Communication, conflict resolution, leadership, empathy, organizational skills, decision-making","Workday, SAP SuccessFactors, BambooHR, ADP, Microsoft Excel, ATS platforms","Recruitment, onboarding, payroll processing, employee relations, HR compliance, performance management, workforce planning, Communication, conflict resolution, leadership, empathy, organizational skills, decision-making, Workday, SAP SuccessFactors, BambooHR, ADP, Microsoft Excel, ATS platforms"
HEALTHCARE CONSULTANT,"Patient care, clinical documentation, healthcare compliance, medical terminology","Empathy, critical thinking, teamwork, communication, attention to detail","Epic EHR, Cerner, Meditech, Microsoft Office, healthcare systems","Patient care, clinical documentation, healthcare compliance, medical terminology, Empathy, critical thinking, teamwork, communication, attention to detail, Epic EHR, Cerner, Meditech, Microsoft Office, healthcare systems"
HEALTHCARE ANALYST,"Patient care, clinical documentation, healthcare compliance, medical terminology","Empathy, critical thinking, teamwork, communication, attention to detail","Epic EHR, Cerner, Meditech, Microsoft Office, healthcare systems","Patient care, clinical documentation, healthcare compliance, medical terminology, Empathy, critical thinking, teamwork, communication, attention to detail, Epic EHR, Cerner, Meditech, Microsoft Office, healthcare systems"
HEALTHCARE PROVIDER,"Patient care, clinical documentation, healthcare compliance, medical terminology","Empathy, critical thinking, teamwork, communication, attention to detail","Epic EHR, Cerner, Meditech, Microsoft Office, healthcare systems","Patient care, clinical documentation, healthcare compliance, medical terminology, Empathy, critical thinking, teamwork, communication, attention to detail, Epic EHR, Cerner, Meditech, Microsoft Office, healthcare systems"
PLATFORM ARCHITECT,"Programming, networking, database management, troubleshooting, cloud computing, cybersecurity","Analytical thinking, adaptability, teamwork, communication, problem-solving","Python, Java, SQL, AWS, Azure, Linux, Git, Docker, Jira","Programming, networking, database management, troubleshooting, cloud computing, cybersecurity, Analytical thinking, adaptability, teamwork, communication, problem-solving, Python, Java, SQL, AWS, Azure, Linux, Git, Docker, Jira"
PHARMACEUTICAL SALES REPRESENTATIVE,"Business development, market analysis, client relationship management, strategic planning","Negotiation, leadership, communication, decision-making, networking","Salesforce, HubSpot, Microsoft Excel, Power BI, CRM systems","Business development, market analysis, client relationship management, strategic planning, Negotiation, leadership, communication, decision-making, networking, Salesforce, HubSpot, Microsoft Excel, Power BI, CRM systems"
HEALTH SYSTEMS ANALYST,"Programming, networking, database management, troubleshooting, cloud computing, cybersecurity","Analytical thinking, adaptability, teamwork, communication, problem-solving","Python, Java, SQL, AWS, Azure, Linux, Git, Docker, Jira","Programming, networking, database management, troubleshooting, cloud computing, cybersecurity, Analytical thinking, adaptability, teamwork, communication, problem-solving, Python, Java, SQL, AWS, Azure, Linux, Git, Docker, Jira"
OPERATIONS MANAGER,"Operations management, logistics, scheduling, inventory control, workflow optimization","Leadership, multitasking, organization, communication, decision-making","ERP systems, Trello, Jira, SAP, Microsoft Office","Operations management, logistics, scheduling, inventory control, workflow optimization, Leadership, multitasking, organization, communication, decision-making, ERP systems, Trello, Jira, SAP, Microsoft Office"
PROJECT COORDINATOR,"Operations management, logistics, scheduling, inventory control, workflow optimization","Leadership, multitasking, organization, communication, decision-making","ERP systems, Trello, Jira, SAP, Microsoft Office","Operations management, logistics, scheduling, inventory control, workflow optimization, Leadership, multitasking, organization, communication, decision-making, ERP systems, Trello, Jira, SAP, Microsoft Office"
OFFICE MANAGER,"Operations management, logistics, scheduling, inventory control, workflow optimization","Leadership, multitasking, organization, communication, decision-making","ERP systems, Trello, Jira, SAP, Microsoft Office","Operations management, logistics, scheduling, inventory control, workflow optimization, Leadership, multitasking, organization, communication, decision-making, ERP systems, Trello, Jira, SAP, Microsoft Office"
ACCOUNT EXECUTIVE,"Financial analysis, accounting, auditing, forecasting, budgeting, tax management","Integrity, analytical thinking, communication, problem-solving, attention to detail","QuickBooks, SAP, Oracle Financials, Excel, Power BI, Tableau","Financial analysis, accounting, auditing, forecasting, budgeting, tax management, Integrity, analytical thinking, communication, problem-solving, attention to detail, QuickBooks, SAP, Oracle Financials, Excel, Power BI, Tableau"
RECRUITER,"Recruitment, onboarding, payroll processing, employee relations, HR compliance, performance management, workforce planning","Communication, conflict resolution, leadership, empathy, organizational skills, decision-making","Workday, SAP SuccessFactors, BambooHR, ADP, Microsoft Excel, ATS platforms","Recruitment, onboarding, payroll processing, employee relations, HR compliance, performance management, workforce planning, Communication, conflict resolution, leadership, empathy, organizational skills, decision-making, Workday, SAP SuccessFactors, BambooHR, ADP, Microsoft Excel, ATS platforms"
EXECUTIVE DIRECTOR,"Operations management, logistics, scheduling, inventory control, workflow optimization","Leadership, multitasking, organization, communication, decision-making","ERP systems, Trello, Jira, SAP, Microsoft Office","Operations management, logistics, scheduling, inventory control, workflow optimization, Leadership, multitasking, organization, communication, decision-making, ERP systems, Trello, Jira, SAP, Microsoft Office"
FACILITY MANAGER,"Operations management, logistics, scheduling, inventory control, workflow optimization","Leadership, multitasking, organization, communication, decision-making","ERP systems, Trello, Jira, SAP, Microsoft Office","Operations management, logistics, scheduling, inventory control, workflow optimization, Leadership, multitasking, organization, communication, decision-making, ERP systems, Trello, Jira, SAP, Microsoft Office"
SUPERVISOR,"Operations management, logistics, scheduling, inventory control, workflow optimization","Leadership, multitasking, organization, communication, decision-making","ERP systems, Trello, Jira, SAP, Microsoft Office","Operations management, logistics, scheduling, inventory control, workflow optimization, Leadership, multitasking, organization, communication, decision-making, ERP systems, Trello, Jira, SAP, Microsoft Office"
DIGITAL MARKETING SPECIALIST,"SEO, digital marketing, campaign management, social media strategy, analytics","Creativity, strategic thinking, communication, collaboration, adaptability","Google Analytics, HubSpot, Meta Ads Manager, Hootsuite, Canva","SEO, digital marketing, campaign management, social media strategy, analytics, Creativity, strategic thinking, communication, collaboration, adaptability, Google Analytics, HubSpot, Meta Ads Manager, Hootsuite, Canva"
STAFFING COORDINATOR,"Operations management, logistics, scheduling, inventory control, workflow optimization","Leadership, multitasking, organization, communication, decision-making","ERP systems, Trello, Jira, SAP, Microsoft Office","Operations management, logistics, scheduling, inventory control, workflow optimization, Leadership, multitasking, organization, communication, decision-making, ERP systems, Trello, Jira, SAP, Microsoft Office"
PROGRAM ANALYST,"Documentation, reporting, administrative support, customer service","Communication, organization, adaptability, teamwork, multitasking","Microsoft Office, Google Workspace, CRM software","Documentation, reporting, administrative support, customer service, Communication, organization, adaptability, teamwork, multitasking, Microsoft Office, Google Workspace, CRM software"
DATA ANALYST,"Documentation, reporting, administrative support, customer service","Communication, organization, adaptability, teamwork, multitasking","Microsoft Office, Google Workspace, CRM software","Documentation, reporting, administrative support, customer service, Communication, organization, adaptability, teamwork, multitasking, Microsoft Office, Google Workspace, CRM software"
QUALITY ASSURANCE ASSOCIATE,"Documentation, reporting, administrative support, customer service","Communication, organization, adaptability, teamwork, multitasking","Microsoft Office, Google Workspace, CRM software","Documentation, reporting, administrative support, customer service, Communication, organization, adaptability, teamwork, multitasking, Microsoft Office, Google Workspace, CRM software"
RESEARCH SCIENTIST,"Documentation, reporting, administrative support, customer service","Communication, organization, adaptability, teamwork, multitasking","Microsoft Office, Google Workspace, CRM software","Documentation, reporting, administrative support, customer service, Communication, organization, adaptability, teamwork, multitasking, Microsoft Office, Google Workspace, CRM software"
RESEARCH ASSOCIATE,"Documentation, reporting, administrative support, customer service","Communication, organization, adaptability, teamwork, multitasking","Microsoft Office, Google Workspace, CRM software","Documentation, reporting, administrative support, customer service, Communication, organization, adaptability, teamwork, multitasking, Microsoft Office, Google Workspace, CRM software"
FINANCIAL ANALYST,"Financial analysis, accounting, auditing, forecasting, budgeting, tax management","Integrity, analytical thinking, communication, problem-solving, attention to detail","QuickBooks, SAP, Oracle Financials, Excel, Power BI, Tableau","Financial analysis, accounting, auditing, forecasting, budgeting, tax management, Integrity, analytical thinking, communication, problem-solving, attention to detail, QuickBooks, SAP, Oracle Financials, Excel, Power BI, Tableau"
SALES MANAGER,"Operations management, logistics, scheduling, inventory control, workflow optimization","Leadership, multitasking, organization, communication, decision-making","ERP systems, Trello, Jira, SAP, Microsoft Office","Operations management, logistics, scheduling, inventory control, workflow optimization, Leadership, multitasking, organization, communication, decision-making, ERP systems, Trello, Jira, SAP, Microsoft Office"
SALES REPRESENTATIVE,"Business development, market analysis, client relationship management, strategic planning","Negotiation, leadership, communication, decision-making, networking","Salesforce, HubSpot, Microsoft Excel, Power BI, CRM systems","Business development, market analysis, client relationship management, strategic planning, Negotiation, leadership, communication, decision-making, networking, Salesforce, HubSpot, Microsoft Excel, Power BI, CRM systems"
SALES EXECUTIVE,"Business development, market analysis, client relationship management, strategic planning","Negotiation, leadership, communication, decision-making, networking","Salesforce, HubSpot, Microsoft Excel, Power BI, CRM systems","Business development, market analysis, client relationship management, strategic planning, Negotiation, leadership, communication, decision-making, networking, Salesforce, HubSpot, Microsoft Excel, Power BI, CRM systems"
SALES DIRECTOR,"Operations management, logistics, scheduling, inventory control, workflow optimization","Leadership, multitasking, organization, communication, decision-making","ERP systems, Trello, Jira, SAP, Microsoft Office","Operations management, logistics, scheduling, inventory control, workflow optimization, Leadership, multitasking, organization, communication, decision-making, ERP systems, Trello, Jira, SAP, Microsoft Office"
SALES COORDINATOR,"Operations management, logistics, scheduling, inventory control, workflow optimization","Leadership, multitasking, organization, communication, decision-making","ERP systems, Trello, Jira, SAP, Microsoft Office","Operations management, logistics, scheduling, inventory control, workflow optimization, Leadership, multitasking, organization, communication, decision-making, ERP systems, Trello, Jira, SAP, Microsoft Office"
SALES SPECIALIST,"Business development, market analysis, client relationship management, strategic planning","Negotiation, leadership, communication, decision-making, networking","Salesforce, HubSpot, Microsoft Excel, Power BI, CRM systems","Business development, market analysis, client relationship management, strategic planning, Negotiation, leadership, communication, decision-making, networking, Salesforce, HubSpot, Microsoft Excel, Power BI, CRM systems"
SALES ENGINEER,"Technical design, project engineering, CAD modeling, systems analysis, quality control","Problem-solving, innovation, teamwork, communication, analytical thinking","AutoCAD, SolidWorks, MATLAB, PLC systems, MS Project","Technical design, project engineering, CAD modeling, systems analysis, quality control, Problem-solving, innovation, teamwork, communication, analytical thinking, AutoCAD, SolidWorks, MATLAB, PLC systems, MS Project"
CUSTOMER SERVICE REPRESENTATIVE,"Documentation, reporting, administrative support, customer service","Communication, organization, adaptability, teamwork, multitasking","Microsoft Office, Google Workspace, CRM software","Documentation, reporting, administrative support, customer service, Communication, organization, adaptability, teamwork, multitasking, Microsoft Office, Google Workspace, CRM software"
CUSTOMER SERVICE SPECIALIST,"Documentation, reporting, administrative support, customer service","Communication, organization, adaptability, teamwork, multitasking","Microsoft Office, Google Workspace, CRM software","Documentation, reporting, administrative support, customer service, Communication, organization, adaptability, teamwork, multitasking, Microsoft Office, Google Workspace, CRM software"
CUSTOMER SERVICE MANAGER,"Operations management, logistics, scheduling, inventory control, workflow optimization","Leadership, multitasking, organization, communication, decision-making","ERP systems, Trello, Jira, SAP, Microsoft Office","Operations management, logistics, scheduling, inventory control, workflow optimization, Leadership, multitasking, organization, communication, decision-making, ERP systems, Trello, Jira, SAP, Microsoft Office"
CONSULTANT,"Business development, market analysis, client relationship management, strategic planning","Negotiation, leadership, communication, decision-making, networking","Salesforce, HubSpot, Microsoft Excel, Power BI, CRM systems","Business development, market analysis, client relationship management, strategic planning, Negotiation, leadership, communication, decision-making, networking, Salesforce, HubSpot, Microsoft Excel, Power BI, CRM systems"
SENIOR CONSULTANT,"Business development, market analysis, client relationship management, strategic planning","Negotiation, leadership, communication, decision-making, networking","Salesforce, HubSpot, Microsoft Excel, Power BI, CRM systems","Business development, market analysis, client relationship management, strategic planning, Negotiation, leadership, communication, decision-making, networking, Salesforce, HubSpot, Microsoft Excel, Power BI, CRM systems"
MANAGING CONSULTANT,"Business development, market analysis, client relationship management, strategic planning","Negotiation, leadership, communication, decision-making, networking","Salesforce, HubSpot, Microsoft Excel, Power BI, CRM systems","Business development, market analysis, client relationship management, strategic planning, Negotiation, leadership, communication, decision-making, networking, Salesforce, HubSpot, Microsoft Excel, Power BI, CRM systems"
MANAGEMENT CONSULTANT,"Business development, market analysis, client relationship management, strategic planning","Negotiation, leadership, communication, decision-making, networking","Salesforce, HubSpot, Microsoft Excel, Power BI, CRM systems","Business development, market analysis, client relationship management, strategic planning, Negotiation, leadership, communication, decision-making, networking, Salesforce, HubSpot, Microsoft Excel, Power BI, CRM systems"
BUSINESS CONSULTANT,"Business development, market analysis, client relationship management, strategic planning","Negotiation, leadership, communication, decision-making, networking","Salesforce, HubSpot, Microsoft Excel, Power BI, CRM systems","Business development, market analysis, client relationship management, strategic planning, Negotiation, leadership, communication, decision-making, networking, Salesforce, HubSpot, Microsoft Excel, Power BI, CRM systems"
MARKETING CONSULTANT,"SEO, digital marketing, campaign management, social media strategy, analytics","Creativity, strategic thinking, communication, collaboration, adaptability","Google Analytics, HubSpot, Meta Ads Manager, Hootsuite, Canva","SEO, digital marketing, campaign management, social media strategy, analytics, Creativity, strategic thinking, communication, collaboration, adaptability, Google Analytics, HubSpot, Meta Ads Manager, Hootsuite, Canva"
DIGITAL MEDIA MANAGER,"SEO, digital marketing, campaign management, social media strategy, analytics","Creativity, strategic thinking, communication, collaboration, adaptability","Google Analytics, HubSpot, Meta Ads Manager, Hootsuite, Canva","SEO, digital marketing, campaign management, social media strategy, analytics, Creativity, strategic thinking, communication, collaboration, adaptability, Google Analytics, HubSpot, Meta Ads Manager, Hootsuite, Canva"
DIGITAL MEDIA CONSULTANT,"SEO, digital marketing, campaign management, social media strategy, analytics","Creativity, strategic thinking, communication, collaboration, adaptability","Google Analytics, HubSpot, Meta Ads Manager, Hootsuite, Canva","SEO, digital marketing, campaign management, social media strategy, analytics, Creativity, strategic thinking, communication, collaboration, adaptability, Google Analytics, HubSpot, Meta Ads Manager, Hootsuite, Canva"
SOCIAL MEDIA MANAGER,"SEO, digital marketing, campaign management, social media strategy, analytics","Creativity, strategic thinking, communication, collaboration, adaptability","Google Analytics, HubSpot, Meta Ads Manager, Hootsuite, Canva","SEO, digital marketing, campaign management, social media strategy, analytics, Creativity, strategic thinking, communication, collaboration, adaptability, Google Analytics, HubSpot, Meta Ads Manager, Hootsuite, Canva"
SOCIAL MEDIA COORDINATOR,"SEO, digital marketing, campaign management, social media strategy, analytics","Creativity, strategic thinking, communication, collaboration, adaptability","Google Analytics, HubSpot, Meta Ads Manager, Hootsuite, Canva","SEO, digital marketing, campaign management, social media strategy, analytics, Creativity, strategic thinking, communication, collaboration, adaptability, Google Analytics, HubSpot, Meta Ads Manager, Hootsuite, Canva"
SOCIAL MEDIA ANALYST,"SEO, digital marketing, campaign management, social media strategy, analytics","Creativity, strategic thinking, communication, collaboration, adaptability","Google Analytics, HubSpot, Meta Ads Manager, Hootsuite, Canva","SEO, digital marketing, campaign management, social media strategy, analytics, Creativity, strategic thinking, communication, collaboration, adaptability, Google Analytics, HubSpot, Meta Ads Manager, Hootsuite, Canva"
DIGITAL MARKETING MANAGER,"SEO, digital marketing, campaign management, social media strategy, analytics","Creativity, strategic thinking, communication, collaboration, adaptability","Google Analytics, HubSpot, Meta Ads Manager, Hootsuite, Canva","SEO, digital marketing, campaign management, social media strategy, analytics, Creativity, strategic thinking, communication, collaboration, adaptability, Google Analytics, HubSpot, Meta Ads Manager, Hootsuite, Canva"
DIGITAL MARKETING DIRECTOR,"SEO, digital marketing, campaign management, social media strategy, analytics","Creativity, strategic thinking, communication, collaboration, adaptability","Google Analytics, HubSpot, Meta Ads Manager, Hootsuite, Canva","SEO, digital marketing, campaign management, social media strategy, analytics, Creativity, strategic thinking, communication, collaboration, adaptability, Google Analytics, HubSpot, Meta Ads Manager, Hootsuite, Canva"
DIGITAL MARKETING COORDINATOR,"SEO, digital marketing, campaign management, social media strategy, analytics","Creativity, strategic thinking, communication, collaboration, adaptability","Google Analytics, HubSpot, Meta Ads Manager, Hootsuite, Canva","SEO, digital marketing, campaign management, social media strategy, analytics, Creativity, strategic thinking, communication, collaboration, adaptability, Google Analytics, HubSpot, Meta Ads Manager, Hootsuite, Canva"
DIGITAL MARKETING ANALYST,"SEO, digital marketing, campaign management, social media strategy, analytics","Creativity, strategic thinking, communication, collaboration, adaptability","Google Analytics, HubSpot, Meta Ads Manager, Hootsuite, Canva","SEO, digital marketing, campaign management, social media strategy, analytics, Creativity, strategic thinking, communication, collaboration, adaptability, Google Analytics, HubSpot, Meta Ads Manager, Hootsuite, Canva"
DIGITAL STRATEGY MANAGER,"Operations management, logistics, scheduling, inventory control, workflow optimization","Leadership, multitasking, organization, communication, decision-making","ERP systems, Trello, Jira, SAP, Microsoft Office","Operations management, logistics, scheduling, inventory control, workflow optimization, Leadership, multitasking, organization, communication, decision-making, ERP systems, Trello, Jira, SAP, Microsoft Office"
PUBLIC RELATIONS MANAGER,"SEO, digital marketing, campaign management, social media strategy, analytics","Creativity, strategic thinking, communication, collaboration, adaptability","Google Analytics, HubSpot, Meta Ads Manager, Hootsuite, Canva","SEO, digital marketing, campaign management, social media strategy, analytics, Creativity, strategic thinking, communication, collaboration, adaptability, Google Analytics, HubSpot, Meta Ads Manager, Hootsuite, Canva"
PUBLIC RELATIONS SPECIALIST,"SEO, digital marketing, campaign management, social media strategy, analytics","Creativity, strategic thinking, communication, collaboration, adaptability","Google Analytics, HubSpot, Meta Ads Manager, Hootsuite, Canva","SEO, digital marketing, campaign management, social media strategy, analytics, Creativity, strategic thinking, communication, collaboration, adaptability, Google Analytics, HubSpot, Meta Ads Manager, Hootsuite, Canva"
PUBLIC RELATIONS CONSULTANT,"SEO, digital marketing, campaign management, social media strategy, analytics","Creativity, strategic thinking, communication, collaboration, adaptability","Google Analytics, HubSpot, Meta Ads Manager, Hootsuite, Canva","SEO, digital marketing, campaign management, social media strategy, analytics, Creativity, strategic thinking, communication, collaboration, adaptability, Google Analytics, HubSpot, Meta Ads Manager, Hootsuite, Canva"
DIRECTOR OF PUBLIC RELATIONS,"SEO, digital marketing, campaign management, social media strategy, analytics","Creativity, strategic thinking, communication, collaboration, adaptability","Google Analytics, HubSpot, Meta Ads Manager, Hootsuite, Canva","SEO, digital marketing, campaign management, social media strategy, analytics, Creativity, strategic thinking, communication, collaboration, adaptability, Google Analytics, HubSpot, Meta Ads Manager, Hootsuite, Canva"
COMMUNICATIONS SPECIALIST,"SEO, digital marketing, campaign management, social media strategy, analytics","Creativity, strategic thinking, communication, collaboration, adaptability","Google Analytics, HubSpot, Meta Ads Manager, Hootsuite, Canva","SEO, digital marketing, campaign management, social media strategy, analytics, Creativity, strategic thinking, communication, collaboration, adaptability, Google Analytics, HubSpot, Meta Ads Manager, Hootsuite, Canva"
COMMUNICATIONS COORDINATOR,"SEO, digital marketing, campaign management, social media strategy, analytics","Creativity, strategic thinking, communication, collaboration, adaptability","Google Analytics, HubSpot, Meta Ads Manager, Hootsuite, Canva","SEO, digital marketing, campaign management, social media strategy, analytics, Creativity, strategic thinking, communication, collaboration, adaptability, Google Analytics, HubSpot, Meta Ads Manager, Hootsuite, Canva"
MARKETING MANAGER,"SEO, digital marketing, campaign management, social media strategy, analytics","Creativity, strategic thinking, communication, collaboration, adaptability","Google Analytics, HubSpot, Meta Ads Manager, Hootsuite, Canva","SEO, digital marketing, campaign management, social media strategy, analytics, Creativity, strategic thinking, communication, collaboration, adaptability, Google Analytics, HubSpot, Meta Ads Manager, Hootsuite, Canva"
CONTENT STRATEGIST,"SEO, digital marketing, campaign management, social media strategy, analytics","Creativity, strategic thinking, communication, collaboration, adaptability","Google Analytics, HubSpot, Meta Ads Manager, Hootsuite, Canva","SEO, digital marketing, campaign management, social media strategy, analytics, Creativity, strategic thinking, communication, collaboration, adaptability, Google Analytics, HubSpot, Meta Ads Manager, Hootsuite, Canva"
EDITOR,"Documentation, reporting, administrative support, customer service","Communication, organization, adaptability, teamwork, multitasking","Microsoft Office, Google Workspace, CRM software","Documentation, reporting, administrative support, customer service, Communication, organization, adaptability, teamwork, multitasking, Microsoft Office, Google Workspace, CRM software"
VIDEOGRAPHER,"Documentation, reporting, administrative support, customer service","Communication, organization, adaptability, teamwork, multitasking","Microsoft Office, Google Workspace, CRM software","Documentation, reporting, administrative support, customer service, Communication, organization, adaptability, teamwork, multitasking, Microsoft Office, Google Workspace, CRM software"
DIGITAL PRODUCER,"Documentation, reporting, administrative support, customer service","Communication, organization, adaptability, teamwork, multitasking","Microsoft Office, Google Workspace, CRM software","Documentation, reporting, administrative support, customer service, Communication, organization, adaptability, teamwork, multitasking, Microsoft Office, Google Workspace, CRM software"
MEDIA SPECIALIST,"SEO, digital marketing, campaign management, social media strategy, analytics","Creativity, strategic thinking, communication, collaboration, adaptability","Google Analytics, HubSpot, Meta Ads Manager, Hootsuite, Canva","SEO, digital marketing, campaign management, social media strategy, analytics, Creativity, strategic thinking, communication, collaboration, adaptability, Google Analytics, HubSpot, Meta Ads Manager, Hootsuite, Canva"
CHEF,"Food preparation, menu planning, restaurant operations, customer service","Teamwork, creativity, customer service, time management, communication","POS systems, inventory systems, scheduling software","Food preparation, menu planning, restaurant operations, customer service, Teamwork, creativity, customer service, time management, communication, POS systems, inventory systems, scheduling software"
EXECUTIVE CHEF,"Food preparation, menu planning, restaurant operations, customer service","Teamwork, creativity, customer service, time management, communication","POS systems, inventory systems, scheduling software","Food preparation, menu planning, restaurant operations, customer service, Teamwork, creativity, customer service, time management, communication, POS systems, inventory systems, scheduling software"
SOUS CHEF,"Food preparation, menu planning, restaurant operations, customer service","Teamwork, creativity, customer service, time management, communication","POS systems, inventory systems, scheduling software","Food preparation, menu planning, restaurant operations, customer service, Teamwork, creativity, customer service, time management, communication, POS systems, inventory systems, scheduling software"
PASTRY CHEF,"Food preparation, menu planning, restaurant operations, customer service","Teamwork, creativity, customer service, time management, communication","POS systems, inventory systems, scheduling software","Food preparation, menu planning, restaurant operations, customer service, Teamwork, creativity, customer service, time management, communication, POS systems, inventory systems, scheduling software"
CHEF MANAGER,"Food preparation, menu planning, restaurant operations, customer service","Teamwork, creativity, customer service, time management, communication","POS systems, inventory systems, scheduling software","Food preparation, menu planning, restaurant operations, customer service, Teamwork, creativity, customer service, time management, communication, POS systems, inventory systems, scheduling software"
CHEF INSTRUCTOR,"Lesson planning, curriculum development, classroom management, student assessment","Patience, mentoring, communication, adaptability, leadership","Google Classroom, Moodle, Zoom, Microsoft Office, Blackboard","Lesson planning, curriculum development, classroom management, student assessment, Patience, mentoring, communication, adaptability, leadership, Google Classroom, Moodle, Zoom, Microsoft Office, Blackboard"
RESTAURANT MANAGER,"Food preparation, menu planning, restaurant operations, customer service","Teamwork, creativity, customer service, time management, communication","POS systems, inventory systems, scheduling software","Food preparation, menu planning, restaurant operations, customer service, Teamwork, creativity, customer service, time management, communication, POS systems, inventory systems, scheduling software"
BARTENDER,"Food preparation, menu planning, restaurant operations, customer service","Teamwork, creativity, customer service, time management, communication","POS systems, inventory systems, scheduling software","Food preparation, menu planning, restaurant operations, customer service, Teamwork, creativity, customer service, time management, communication, POS systems, inventory systems, scheduling software"
FOOD SERVER,"Food preparation, menu planning, restaurant operations, customer service","Teamwork, creativity, customer service, time management, communication","POS systems, inventory systems, scheduling software","Food preparation, menu planning, restaurant operations, customer service, Teamwork, creativity, customer service, time management, communication, POS systems, inventory systems, scheduling software"
FINANCE MANAGER,"Financial analysis, accounting, auditing, forecasting, budgeting, tax management","Integrity, analytical thinking, communication, problem-solving, attention to detail","QuickBooks, SAP, Oracle Financials, Excel, Power BI, Tableau","Financial analysis, accounting, auditing, forecasting, budgeting, tax management, Integrity, analytical thinking, communication, problem-solving, attention to detail, QuickBooks, SAP, Oracle Financials, Excel, Power BI, Tableau"
FINANCE ANALYST,"Financial analysis, accounting, auditing, forecasting, budgeting, tax management","Integrity, analytical thinking, communication, problem-solving, attention to detail","QuickBooks, SAP, Oracle Financials, Excel, Power BI, Tableau","Financial analysis, accounting, auditing, forecasting, budgeting, tax management, Integrity, analytical thinking, communication, problem-solving, attention to detail, QuickBooks, SAP, Oracle Financials, Excel, Power BI, Tableau"
FINANCE DIRECTOR,"Financial analysis, accounting, auditing, forecasting, budgeting, tax management","Integrity, analytical thinking, communication, problem-solving, attention to detail","QuickBooks, SAP, Oracle Financials, Excel, Power BI, Tableau","Financial analysis, accounting, auditing, forecasting, budgeting, tax management, Integrity, analytical thinking, communication, problem-solving, attention to detail, QuickBooks, SAP, Oracle Financials, Excel, Power BI, Tableau"
FINANCE OFFICER,"Financial analysis, accounting, auditing, forecasting, budgeting, tax management","Integrity, analytical thinking, communication, problem-solving, attention to detail","QuickBooks, SAP, Oracle Financials, Excel, Power BI, Tableau","Financial analysis, accounting, auditing, forecasting, budgeting, tax management, Integrity, analytical thinking, communication, problem-solving, attention to detail, QuickBooks, SAP, Oracle Financials, Excel, Power BI, Tableau"
FINANCE SPECIALIST,"Financial analysis, accounting, auditing, forecasting, budgeting, tax management","Integrity, analytical thinking, communication, problem-solving, attention to detail","QuickBooks, SAP, Oracle Financials, Excel, Power BI, Tableau","Financial analysis, accounting, auditing, forecasting, budgeting, tax management, Integrity, analytical thinking, communication, problem-solving, attention to detail, QuickBooks, SAP, Oracle Financials, Excel, Power BI, Tableau"
FINANCE CONTROLLER,"Financial analysis, accounting, auditing, forecasting, budgeting, tax management","Integrity, analytical thinking, communication, problem-solving, attention to detail","QuickBooks, SAP, Oracle Financials, Excel, Power BI, Tableau","Financial analysis, accounting, auditing, forecasting, budgeting, tax management, Integrity, analytical thinking, communication, problem-solving, attention to detail, QuickBooks, SAP, Oracle Financials, Excel, Power BI, Tableau"
FINANCE ASSISTANT,"Financial analysis, accounting, auditing, forecasting, budgeting, tax management","Integrity, analytical thinking, communication, problem-solving, attention to detail","QuickBooks, SAP, Oracle Financials, Excel, Power BI, Tableau","Financial analysis, accounting, auditing, forecasting, budgeting, tax management, Integrity, analytical thinking, communication, problem-solving, attention to detail, QuickBooks, SAP, Oracle Financials, Excel, Power BI, Tableau"
FINANCE COORDINATOR,"Financial analysis, accounting, auditing, forecasting, budgeting, tax management","Integrity, analytical thinking, communication, problem-solving, attention to detail","QuickBooks, SAP, Oracle Financials, Excel, Power BI, Tableau","Financial analysis, accounting, auditing, forecasting, budgeting, tax management, Integrity, analytical thinking, communication, problem-solving, attention to detail, QuickBooks, SAP, Oracle Financials, Excel, Power BI, Tableau"
FINANCE ACCOUNTANT,"Financial analysis, accounting, auditing, forecasting, budgeting, tax management","Integrity, analytical thinking, communication, problem-solving, attention to detail","QuickBooks, SAP, Oracle Financials, Excel, Power BI, Tableau","Financial analysis, accounting, auditing, forecasting, budgeting, tax management, Integrity, analytical thinking, communication, problem-solving, attention to detail, QuickBooks, SAP, Oracle Financials, Excel, Power BI, Tableau"
SENIOR FINANCE MANAGER,"Financial analysis, accounting, auditing, forecasting, budgeting, tax management","Integrity, analytical thinking, communication, problem-solving, attention to detail","QuickBooks, SAP, Oracle Financials, Excel, Power BI, Tableau","Financial analysis, accounting, auditing, forecasting, budgeting, tax management, Integrity, analytical thinking, communication, problem-solving, attention to detail, QuickBooks, SAP, Oracle Financials, Excel, Power BI, Tableau"
VP OF FINANCE,"Financial analysis, accounting, auditing, forecasting, budgeting, tax management","Integrity, analytical thinking, communication, problem-solving, attention to detail","QuickBooks, SAP, Oracle Financials, Excel, Power BI, Tableau","Financial analysis, accounting, auditing, forecasting, budgeting, tax management, Integrity, analytical thinking, communication, problem-solving, attention to detail, QuickBooks, SAP, Oracle Financials, Excel, Power BI, Tableau"
ACCOUNTANT,"Financial analysis, accounting, auditing, forecasting, budgeting, tax management","Integrity, analytical thinking, communication, problem-solving, attention to detail","QuickBooks, SAP, Oracle Financials, Excel, Power BI, Tableau","Financial analysis, accounting, auditing, forecasting, budgeting, tax management, Integrity, analytical thinking, communication, problem-solving, attention to detail, QuickBooks, SAP, Oracle Financials, Excel, Power BI, Tableau"
STAFF ACCOUNTANT,"Financial analysis, accounting, auditing, forecasting, budgeting, tax management","Integrity, analytical thinking, communication, problem-solving, attention to detail","QuickBooks, SAP, Oracle Financials, Excel, Power BI, Tableau","Financial analysis, accounting, auditing, forecasting, budgeting, tax management, Integrity, analytical thinking, communication, problem-solving, attention to detail, QuickBooks, SAP, Oracle Financials, Excel, Power BI, Tableau"
PROJECT ACCOUNTANT,"Financial analysis, accounting, auditing, forecasting, budgeting, tax management","Integrity, analytical thinking, communication, problem-solving, attention to detail","QuickBooks, SAP, Oracle Financials, Excel, Power BI, Tableau","Financial analysis, accounting, auditing, forecasting, budgeting, tax management, Integrity, analytical thinking, communication, problem-solving, attention to detail, QuickBooks, SAP, Oracle Financials, Excel, Power BI, Tableau"
PAYROLL ACCOUNTANT,"Financial analysis, accounting, auditing, forecasting, budgeting, tax management","Integrity, analytical thinking, communication, problem-solving, attention to detail","QuickBooks, SAP, Oracle Financials, Excel, Power BI, Tableau","Financial analysis, accounting, auditing, forecasting, budgeting, tax management, Integrity, analytical thinking, communication, problem-solving, attention to detail, QuickBooks, SAP, Oracle Financials, Excel, Power BI, Tableau"
TAX ACCOUNTANT,"Financial analysis, accounting, auditing, forecasting, budgeting, tax management","Integrity, analytical thinking, communication, problem-solving, attention to detail","QuickBooks, SAP, Oracle Financials, Excel, Power BI, Tableau","Financial analysis, accounting, auditing, forecasting, budgeting, tax management, Integrity, analytical thinking, communication, problem-solving, attention to detail, QuickBooks, SAP, Oracle Financials, Excel, Power BI, Tableau"
FINANCIAL ACCOUNTANT,"Financial analysis, accounting, auditing, forecasting, budgeting, tax management","Integrity, analytical thinking, communication, problem-solving, attention to detail","QuickBooks, SAP, Oracle Financials, Excel, Power BI, Tableau","Financial analysis, accounting, auditing, forecasting, budgeting, tax management, Integrity, analytical thinking, communication, problem-solving, attention to detail, QuickBooks, SAP, Oracle Financials, Excel, Power BI, Tableau"
CONSTRUCTION MANAGER,"Operations management, logistics, scheduling, inventory control, workflow optimization","Leadership, multitasking, organization, communication, decision-making","ERP systems, Trello, Jira, SAP, Microsoft Office","Operations management, logistics, scheduling, inventory control, workflow optimization, Leadership, multitasking, organization, communication, decision-making, ERP systems, Trello, Jira, SAP, Microsoft Office"
CONSTRUCTION COORDINATOR,"Operations management, logistics, scheduling, inventory control, workflow optimization","Leadership, multitasking, organization, communication, decision-making","ERP systems, Trello, Jira, SAP, Microsoft Office","Operations management, logistics, scheduling, inventory control, workflow optimization, Leadership, multitasking, organization, communication, decision-making, ERP systems, Trello, Jira, SAP, Microsoft Office"
CONSTRUCTION LABORER,"Documentation, reporting, administrative support, customer service","Communication, organization, adaptability, teamwork, multitasking","Microsoft Office, Google Workspace, CRM software","Documentation, reporting, administrative support, customer service, Communication, organization, adaptability, teamwork, multitasking, Microsoft Office, Google Workspace, CRM software"
CONSTRUCTION SUPERINTENDENT,"Documentation, reporting, administrative support, customer service","Communication, organization, adaptability, teamwork, multitasking","Microsoft Office, Google Workspace, CRM software","Documentation, reporting, administrative support, customer service, Communication, organization, adaptability, teamwork, multitasking, Microsoft Office, Google Workspace, CRM software"
CONSTRUCTION INSPECTOR,"Documentation, reporting, administrative support, customer service","Communication, organization, adaptability, teamwork, multitasking","Microsoft Office, Google Workspace, CRM software","Documentation, reporting, administrative support, customer service, Communication, organization, adaptability, teamwork, multitasking, Microsoft Office, Google Workspace, CRM software"
CONSTRUCTION ESTIMATOR,"Documentation, reporting, administrative support, customer service","Communication, organization, adaptability, teamwork, multitasking","Microsoft Office, Google Workspace, CRM software","Documentation, reporting, administrative support, customer service, Communication, organization, adaptability, teamwork, multitasking, Microsoft Office, Google Workspace, CRM software"
CONSTRUCTION PROJECT MANAGER,"Operations management, logistics, scheduling, inventory control, workflow optimization","Leadership, multitasking, organization, communication, decision-making","ERP systems, Trello, Jira, SAP, Microsoft Office","Operations management, logistics, scheduling, inventory control, workflow optimization, Leadership, multitasking, organization, communication, decision-making, ERP systems, Trello, Jira, SAP, Microsoft Office"
SAFETY MANAGER,"Operations management, logistics, scheduling, inventory control, workflow optimization","Leadership, multitasking, organization, communication, decision-making","ERP systems, Trello, Jira, SAP, Microsoft Office","Operations management, logistics, scheduling, inventory control, workflow optimization, Leadership, multitasking, organization, communication, decision-making, ERP systems, Trello, Jira, SAP, Microsoft Office"
PROJECT ENGINEER,"Technical design, project engineering, CAD modeling, systems analysis, quality control","Problem-solving, innovation, teamwork, communication, analytical thinking","AutoCAD, SolidWorks, MATLAB, PLC systems, MS Project","Technical design, project engineering, CAD modeling, systems analysis, quality control, Problem-solving, innovation, teamwork, communication, analytical thinking, AutoCAD, SolidWorks, MATLAB, PLC systems, MS Project"
CARPENTER,"Documentation, reporting, administrative support, customer service","Communication, organization, adaptability, teamwork, multitasking","Microsoft Office, Google Workspace, CRM software","Documentation, reporting, administrative support, customer service, Communication, organization, adaptability, teamwork, multitasking, Microsoft Office, Google Workspace, CRM software"
SUPERINTENDENT,"Documentation, reporting, administrative support, customer service","Communication, organization, adaptability, teamwork, multitasking","Microsoft Office, Google Workspace, CRM software","Documentation, reporting, administrative support, customer service, Communication, organization, adaptability, teamwork, multitasking, Microsoft Office, Google Workspace, CRM software"
ENGINEER,"Technical design, project engineering, CAD modeling, systems analysis, quality control","Problem-solving, innovation, teamwork, communication, analytical thinking","AutoCAD, SolidWorks, MATLAB, PLC systems, MS Project","Technical design, project engineering, CAD modeling, systems analysis, quality control, Problem-solving, innovation, teamwork, communication, analytical thinking, AutoCAD, SolidWorks, MATLAB, PLC systems, MS Project"
MECHANICAL ENGINEER,"Technical design, project engineering, CAD modeling, systems analysis, quality control","Problem-solving, innovation, teamwork, communication, analytical thinking","AutoCAD, SolidWorks, MATLAB, PLC systems, MS Project","Technical design, project engineering, CAD modeling, systems analysis, quality control, Problem-solving, innovation, teamwork, communication, analytical thinking, AutoCAD, SolidWorks, MATLAB, PLC systems, MS Project"
ELECTRICAL ENGINEER,"Technical design, project engineering, CAD modeling, systems analysis, quality control","Problem-solving, innovation, teamwork, communication, analytical thinking","AutoCAD, SolidWorks, MATLAB, PLC systems, MS Project","Technical design, project engineering, CAD modeling, systems analysis, quality control, Problem-solving, innovation, teamwork, communication, analytical thinking, AutoCAD, SolidWorks, MATLAB, PLC systems, MS Project"
AVIATION ENGINEER,"Technical design, project engineering, CAD modeling, systems analysis, quality control","Problem-solving, innovation, teamwork, communication, analytical thinking","AutoCAD, SolidWorks, MATLAB, PLC systems, MS Project","Technical design, project engineering, CAD modeling, systems analysis, quality control, Problem-solving, innovation, teamwork, communication, analytical thinking, AutoCAD, SolidWorks, MATLAB, PLC systems, MS Project"
ENGINEERING MANAGER,"Technical design, project engineering, CAD modeling, systems analysis, quality control","Problem-solving, innovation, teamwork, communication, analytical thinking","AutoCAD, SolidWorks, MATLAB, PLC systems, MS Project","Technical design, project engineering, CAD modeling, systems analysis, quality control, Problem-solving, innovation, teamwork, communication, analytical thinking, AutoCAD, SolidWorks, MATLAB, PLC systems, MS Project"
ENGINEERING TECHNICIAN,"Technical design, project engineering, CAD modeling, systems analysis, quality control","Problem-solving, innovation, teamwork, communication, analytical thinking","AutoCAD, SolidWorks, MATLAB, PLC systems, MS Project","Technical design, project engineering, CAD modeling, systems analysis, quality control, Problem-solving, innovation, teamwork, communication, analytical thinking, AutoCAD, SolidWorks, MATLAB, PLC systems, MS Project"
ENGINEERING COORDINATOR,"Technical design, project engineering, CAD modeling, systems analysis, quality control","Problem-solving, innovation, teamwork, communication, analytical thinking","AutoCAD, SolidWorks, MATLAB, PLC systems, MS Project","Technical design, project engineering, CAD modeling, systems analysis, quality control, Problem-solving, innovation, teamwork, communication, analytical thinking, AutoCAD, SolidWorks, MATLAB, PLC systems, MS Project"
ENGINEERING SPECIALIST,"Technical design, project engineering, CAD modeling, systems analysis, quality control","Problem-solving, innovation, teamwork, communication, analytical thinking","AutoCAD, SolidWorks, MATLAB, PLC systems, MS Project","Technical design, project engineering, CAD modeling, systems analysis, quality control, Problem-solving, innovation, teamwork, communication, analytical thinking, AutoCAD, SolidWorks, MATLAB, PLC systems, MS Project"
ENGINEERING ASSOCIATE,"Technical design, project engineering, CAD modeling, systems analysis, quality control","Problem-solving, innovation, teamwork, communication, analytical thinking","AutoCAD, SolidWorks, MATLAB, PLC systems, MS Project","Technical design, project engineering, CAD modeling, systems analysis, quality control, Problem-solving, innovation, teamwork, communication, analytical thinking, AutoCAD, SolidWorks, MATLAB, PLC systems, MS Project"
SOFTWARE ENGINEERING MANAGER,"Programming, networking, database management, troubleshooting, cloud computing, cybersecurity","Analytical thinking, adaptability, teamwork, communication, problem-solving","Python, Java, SQL, AWS, Azure, Linux, Git, Docker, Jira","Programming, networking, database management, troubleshooting, cloud computing, cybersecurity, Analytical thinking, adaptability, teamwork, communication, problem-solving, Python, Java, SQL, AWS, Azure, Linux, Git, Docker, Jira"
ENGINEERING PROJECT MANAGER,"Technical design, project engineering, CAD modeling, systems analysis, quality control","Problem-solving, innovation, teamwork, communication, analytical thinking","AutoCAD, SolidWorks, MATLAB, PLC systems, MS Project","Technical design, project engineering, CAD modeling, systems analysis, quality control, Problem-solving, innovation, teamwork, communication, analytical thinking, AutoCAD, SolidWorks, MATLAB, PLC systems, MS Project"
ENGINEERING SERVICES MANAGER,"Technical design, project engineering, CAD modeling, systems analysis, quality control","Problem-solving, innovation, teamwork, communication, analytical thinking","AutoCAD, SolidWorks, MATLAB, PLC systems, MS Project","Technical design, project engineering, CAD modeling, systems analysis, quality control, Problem-solving, innovation, teamwork, communication, analytical thinking, AutoCAD, SolidWorks, MATLAB, PLC systems, MS Project"
SENIOR ENGINEERING MANAGER,"Technical design, project engineering, CAD modeling, systems analysis, quality control","Problem-solving, innovation, teamwork, communication, analytical thinking","AutoCAD, SolidWorks, MATLAB, PLC systems, MS Project","Technical design, project engineering, CAD modeling, systems analysis, quality control, Problem-solving, innovation, teamwork, communication, analytical thinking, AutoCAD, SolidWorks, MATLAB, PLC systems, MS Project"
SYSTEMS ENGINEERING MANAGER,"Programming, networking, database management, troubleshooting, cloud computing, cybersecurity","Analytical thinking, adaptability, teamwork, communication, problem-solving","Python, Java, SQL, AWS, Azure, Linux, Git, Docker, Jira","Programming, networking, database management, troubleshooting, cloud computing, cybersecurity, Analytical thinking, adaptability, teamwork, communication, problem-solving, Python, Java, SQL, AWS, Azure, Linux, Git, Docker, Jira"
QUALITY ASSURANCE MANAGER,"Operations management, logistics, scheduling, inventory control, workflow optimization","Leadership, multitasking, organization, communication, decision-making","ERP systems, Trello, Jira, SAP, Microsoft Office","Operations management, logistics, scheduling, inventory control, workflow optimization, Leadership, multitasking, organization, communication, decision-making, ERP systems, Trello, Jira, SAP, Microsoft Office"
PROGRAM MANAGER,"Operations management, logistics, scheduling, inventory control, workflow optimization","Leadership, multitasking, organization, communication, decision-making","ERP systems, Trello, Jira, SAP, Microsoft Office","Operations management, logistics, scheduling, inventory control, workflow optimization, Leadership, multitasking, organization, communication, decision-making, ERP systems, Trello, Jira, SAP, Microsoft Office"
OPERATIONS COORDINATOR,"Operations management, logistics, scheduling, inventory control, workflow optimization","Leadership, multitasking, organization, communication, decision-making","ERP systems, Trello, Jira, SAP, Microsoft Office","Operations management, logistics, scheduling, inventory control, workflow optimization, Leadership, multitasking, organization, communication, decision-making, ERP systems, Trello, Jira, SAP, Microsoft Office"
ADMINISTRATIVE ASSISTANT,"Documentation, reporting, administrative support, customer service","Communication, organization, adaptability, teamwork, multitasking","Microsoft Office, Google Workspace, CRM software","Documentation, reporting, administrative support, customer service, Communication, organization, adaptability, teamwork, multitasking, Microsoft Office, Google Workspace, CRM software"
ADMINISTRATIVE COORDINATOR,"Operations management, logistics, scheduling, inventory control, workflow optimization","Leadership, multitasking, organization, communication, decision-making","ERP systems, Trello, Jira, SAP, Microsoft Office","Operations management, logistics, scheduling, inventory control, workflow optimization, Leadership, multitasking, organization, communication, decision-making, ERP systems, Trello, Jira, SAP, Microsoft Office"
OFFICE ADMINISTRATOR,"Documentation, reporting, administrative support, customer service","Communication, organization, adaptability, teamwork, multitasking","Microsoft Office, Google Workspace, CRM software","Documentation, reporting, administrative support, customer service, Communication, organization, adaptability, teamwork, multitasking, Microsoft Office, Google Workspace, CRM software"
EXECUTIVE ASSISTANT,"Documentation, reporting, administrative support, customer service","Communication, organization, adaptability, teamwork, multitasking","Microsoft Office, Google Workspace, CRM software","Documentation, reporting, administrative support, customer service, Communication, organization, adaptability, teamwork, multitasking, Microsoft Office, Google Workspace, CRM software"
PERSONAL ASSISTANT,"Documentation, reporting, administrative support, customer service","Communication, organization, adaptability, teamwork, multitasking","Microsoft Office, Google Workspace, CRM software","Documentation, reporting, administrative support, customer service, Communication, organization, adaptability, teamwork, multitasking, Microsoft Office, Google Workspace, CRM software"
PROGRAM ASSISTANT,"Documentation, reporting, administrative support, customer service","Communication, organization, adaptability, teamwork, multitasking","Microsoft Office, Google Workspace, CRM software","Documentation, reporting, administrative support, customer service, Communication, organization, adaptability, teamwork, multitasking, Microsoft Office, Google Workspace, CRM software"
LOAN ASSISTANT,"Documentation, reporting, administrative support, customer service","Communication, organization, adaptability, teamwork, multitasking","Microsoft Office, Google Workspace, CRM software","Documentation, reporting, administrative support, customer service, Communication, organization, adaptability, teamwork, multitasking, Microsoft Office, Google Workspace, CRM software"
LEGAL ASSISTANT,"Documentation, reporting, administrative support, customer service","Communication, organization, adaptability, teamwork, multitasking","Microsoft Office, Google Workspace, CRM software","Documentation, reporting, administrative support, customer service, Communication, organization, adaptability, teamwork, multitasking, Microsoft Office, Google Workspace, CRM software"
PARALEGAL,"Documentation, reporting, administrative support, customer service","Communication, organization, adaptability, teamwork, multitasking","Microsoft Office, Google Workspace, CRM software","Documentation, reporting, administrative support, customer service, Communication, organization, adaptability, teamwork, multitasking, Microsoft Office, Google Workspace, CRM software"
BANKING OFFICER,"Financial analysis, accounting, auditing, forecasting, budgeting, tax management","Integrity, analytical thinking, communication, problem-solving, attention to detail","QuickBooks, SAP, Oracle Financials, Excel, Power BI, Tableau","Financial analysis, accounting, auditing, forecasting, budgeting, tax management, Integrity, analytical thinking, communication, problem-solving, attention to detail, QuickBooks, SAP, Oracle Financials, Excel, Power BI, Tableau"
BANKING CENTER MANAGER,"Financial analysis, accounting, auditing, forecasting, budgeting, tax management","Integrity, analytical thinking, communication, problem-solving, attention to detail","QuickBooks, SAP, Oracle Financials, Excel, Power BI, Tableau","Financial analysis, accounting, auditing, forecasting, budgeting, tax management, Integrity, analytical thinking, communication, problem-solving, attention to detail, QuickBooks, SAP, Oracle Financials, Excel, Power BI, Tableau"
BRANCH BANKER,"Financial analysis, accounting, auditing, forecasting, budgeting, tax management","Integrity, analytical thinking, communication, problem-solving, attention to detail","QuickBooks, SAP, Oracle Financials, Excel, Power BI, Tableau","Financial analysis, accounting, auditing, forecasting, budgeting, tax management, Integrity, analytical thinking, communication, problem-solving, attention to detail, QuickBooks, SAP, Oracle Financials, Excel, Power BI, Tableau"
BANK TELLER,"Financial analysis, accounting, auditing, forecasting, budgeting, tax management","Integrity, analytical thinking, communication, problem-solving, attention to detail","QuickBooks, SAP, Oracle Financials, Excel, Power BI, Tableau","Financial analysis, accounting, auditing, forecasting, budgeting, tax management, Integrity, analytical thinking, communication, problem-solving, attention to detail, QuickBooks, SAP, Oracle Financials, Excel, Power BI, Tableau"
FINANCIAL CONSULTANT,"Financial analysis, accounting, auditing, forecasting, budgeting, tax management","Integrity, analytical thinking, communication, problem-solving, attention to detail","QuickBooks, SAP, Oracle Financials, Excel, Power BI, Tableau","Financial analysis, accounting, auditing, forecasting, budgeting, tax management, Integrity, analytical thinking, communication, problem-solving, attention to detail, QuickBooks, SAP, Oracle Financials, Excel, Power BI, Tableau"
FINANCIAL INSTITUTIONS EXAMINER,"Financial analysis, accounting, auditing, forecasting, budgeting, tax management","Integrity, analytical thinking, communication, problem-solving, attention to detail","QuickBooks, SAP, Oracle Financials, Excel, Power BI, Tableau","Financial analysis, accounting, auditing, forecasting, budgeting, tax management, Integrity, analytical thinking, communication, problem-solving, attention to detail, QuickBooks, SAP, Oracle Financials, Excel, Power BI, Tableau"
INVESTMENT BANKING ANALYST,"Financial analysis, accounting, auditing, forecasting, budgeting, tax management","Integrity, analytical thinking, communication, problem-solving, attention to detail","QuickBooks, SAP, Oracle Financials, Excel, Power BI, Tableau","Financial analysis, accounting, auditing, forecasting, budgeting, tax management, Integrity, analytical thinking, communication, problem-solving, attention to detail, QuickBooks, SAP, Oracle Financials, Excel, Power BI, Tableau"
MORTGAGE BANKING SPECIALIST,"Financial analysis, accounting, auditing, forecasting, budgeting, tax management","Integrity, analytical thinking, communication, problem-solving, attention to detail","QuickBooks, SAP, Oracle Financials, Excel, Power BI, Tableau","Financial analysis, accounting, auditing, forecasting, budgeting, tax management, Integrity, analytical thinking, communication, problem-solving, attention to detail, QuickBooks, SAP, Oracle Financials, Excel, Power BI, Tableau"
BUSINESS ANALYST,"Business development, market analysis, client relationship management, strategic planning","Negotiation, leadership, communication, decision-making, networking","Salesforce, HubSpot, Microsoft Excel, Power BI, CRM systems","Business development, market analysis, client relationship management, strategic planning, Negotiation, leadership, communication, decision-making, networking, Salesforce, HubSpot, Microsoft Excel, Power BI, CRM systems"
PROJECT ANALYST,"Documentation, reporting, administrative support, customer service","Communication, organization, adaptability, teamwork, multitasking","Microsoft Office, Google Workspace, CRM software","Documentation, reporting, administrative support, customer service, Communication, organization, adaptability, teamwork, multitasking, Microsoft Office, Google Workspace, CRM software"
QUALITY ANALYST,"Documentation, reporting, administrative support, customer service","Communication, organization, adaptability, teamwork, multitasking","Microsoft Office, Google Workspace, CRM software","Documentation, reporting, administrative support, customer service, Communication, organization, adaptability, teamwork, multitasking, Microsoft Office, Google Workspace, CRM software"
OPERATIONS ANALYST,"Operations management, logistics, scheduling, inventory control, workflow optimization","Leadership, multitasking, organization, communication, decision-making","ERP systems, Trello, Jira, SAP, Microsoft Office","Operations management, logistics, scheduling, inventory control, workflow optimization, Leadership, multitasking, organization, communication, decision-making, ERP systems, Trello, Jira, SAP, Microsoft Office"
RESEARCH ASSISTANT,"Documentation, reporting, administrative support, customer service","Communication, organization, adaptability, teamwork, multitasking","Microsoft Office, Google Workspace, CRM software","Documentation, reporting, administrative support, customer service, Communication, organization, adaptability, teamwork, multitasking, Microsoft Office, Google Workspace, CRM software"
TRAINING MANAGER,"Operations management, logistics, scheduling, inventory control, workflow optimization","Leadership, multitasking, organization, communication, decision-making","ERP systems, Trello, Jira, SAP, Microsoft Office","Operations management, logistics, scheduling, inventory control, workflow optimization, Leadership, multitasking, organization, communication, decision-making, ERP systems, Trello, Jira, SAP, Microsoft Office"
TRAINING SPECIALIST,"Documentation, reporting, administrative support, customer service","Communication, organization, adaptability, teamwork, multitasking","Microsoft Office, Google Workspace, CRM software","Documentation, reporting, administrative support, customer service, Communication, organization, adaptability, teamwork, multitasking, Microsoft Office, Google Workspace, CRM software"
INSTRUCTIONAL COACH,"Documentation, reporting, administrative support, customer service","Communication, organization, adaptability, teamwork, multitasking","Microsoft Office, Google Workspace, CRM software","Documentation, reporting, administrative support, customer service, Communication, organization, adaptability, teamwork, multitasking, Microsoft Office, Google Workspace, CRM software"
SCHOOL COUNSELOR,"Lesson planning, curriculum development, classroom management, student assessment","Patience, mentoring, communication, adaptability, leadership","Google Classroom, Moodle, Zoom, Microsoft Office, Blackboard","Lesson planning, curriculum development, classroom management, student assessment, Patience, mentoring, communication, adaptability, leadership, Google Classroom, Moodle, Zoom, Microsoft Office, Blackboard"
ASSISTANT PRINCIPAL,"Documentation, reporting, administrative support, customer service","Communication, organization, adaptability, teamwork, multitasking","Microsoft Office, Google Workspace, CRM software","Documentation, reporting, administrative support, customer service, Communication, organization, adaptability, teamwork, multitasking, Microsoft Office, Google Workspace, CRM software"
MIDDLE SCHOOL PRINCIPAL,"Documentation, reporting, administrative support, customer service","Communication, organization, adaptability, teamwork, multitasking","Microsoft Office, Google Workspace, CRM software","Documentation, reporting, administrative support, customer service, Communication, organization, adaptability, teamwork, multitasking, Microsoft Office, Google Workspace, CRM software"
DIRECTOR OF OPERATIONS,"Operations management, logistics, scheduling, inventory control, workflow optimization","Leadership, multitasking, organization, communication, decision-making","ERP systems, Trello, Jira, SAP, Microsoft Office","Operations management, logistics, scheduling, inventory control, workflow optimization, Leadership, multitasking, organization, communication, decision-making, ERP systems, Trello, Jira, SAP, Microsoft Office"
DIRECTOR OF ENGINEERING,"Technical design, project engineering, CAD modeling, systems analysis, quality control","Problem-solving, innovation, teamwork, communication, analytical thinking","AutoCAD, SolidWorks, MATLAB, PLC systems, MS Project","Technical design, project engineering, CAD modeling, systems analysis, quality control, Problem-solving, innovation, teamwork, communication, analytical thinking, AutoCAD, SolidWorks, MATLAB, PLC systems, MS Project"
DIRECTOR OF MARKETING,"SEO, digital marketing, campaign management, social media strategy, analytics","Creativity, strategic thinking, communication, collaboration, adaptability","Google Analytics, HubSpot, Meta Ads Manager, Hootsuite, Canva","SEO, digital marketing, campaign management, social media strategy, analytics, Creativity, strategic thinking, communication, collaboration, adaptability, Google Analytics, HubSpot, Meta Ads Manager, Hootsuite, Canva"
DIRECTOR OF FINANCE,"Financial analysis, accounting, auditing, forecasting, budgeting, tax management","Integrity, analytical thinking, communication, problem-solving, attention to detail","QuickBooks, SAP, Oracle Financials, Excel, Power BI, Tableau","Financial analysis, accounting, auditing, forecasting, budgeting, tax management, Integrity, analytical thinking, communication, problem-solving, attention to detail, QuickBooks, SAP, Oracle Financials, Excel, Power BI, Tableau"
DIRECTOR OF COMMUNITY,"Operations management, logistics, scheduling, inventory control, workflow optimization","Leadership, multitasking, organization, communication, decision-making","ERP systems, Trello, Jira, SAP, Microsoft Office","Operations management, logistics, scheduling, inventory control, workflow optimization, Leadership, multitasking, organization, communication, decision-making, ERP systems, Trello, Jira, SAP, Microsoft Office"
CHIEF EXECUTIVE OFFICER,"Documentation, reporting, administrative support, customer service","Communication, organization, adaptability, teamwork, multitasking","Microsoft Office, Google Workspace, CRM software","Documentation, reporting, administrative support, customer service, Communication, organization, adaptability, teamwork, multitasking, Microsoft Office, Google Workspace, CRM software"
CHIEF OPERATING OFFICER,"Documentation, reporting, administrative support, customer service","Communication, organization, adaptability, teamwork, multitasking","Microsoft Office, Google Workspace, CRM software","Documentation, reporting, administrative support, customer service, Communication, organization, adaptability, teamwork, multitasking, Microsoft Office, Google Workspace, CRM software"
CHIEF ADMINISTRATIVE OFFICER,"Documentation, reporting, administrative support, customer service","Communication, organization, adaptability, teamwork, multitasking","Microsoft Office, Google Workspace, CRM software","Documentation, reporting, administrative support, customer service, Communication, organization, adaptability, teamwork, multitasking, Microsoft Office, Google Workspace, CRM software"
CHIEF DIGITAL OFFICER,"Documentation, reporting, administrative support, customer service","Communication, organization, adaptability, teamwork, multitasking","Microsoft Office, Google Workspace, CRM software","Documentation, reporting, administrative support, customer service, Communication, organization, adaptability, teamwork, multitasking, Microsoft Office, Google Workspace, CRM software"
VICE PRESIDENT,"Operations management, logistics, scheduling, inventory control, workflow optimization","Leadership, multitasking, organization, communication, decision-making","ERP systems, Trello, Jira, SAP, Microsoft Office","Operations management, logistics, scheduling, inventory control, workflow optimization, Leadership, multitasking, organization, communication, decision-making, ERP systems, Trello, Jira, SAP, Microsoft Office"
ASSISTANT VICE PRESIDENT,"Operations management, logistics, scheduling, inventory control, workflow optimization","Leadership, multitasking, organization, communication, decision-making","ERP systems, Trello, Jira, SAP, Microsoft Office","Operations management, logistics, scheduling, inventory control, workflow optimization, Leadership, multitasking, organization, communication, decision-making, ERP systems, Trello, Jira, SAP, Microsoft Office"
SENIOR VICE PRESIDENT,"Operations management, logistics, scheduling, inventory control, workflow optimization","Leadership, multitasking, organization, communication, decision-making","ERP systems, Trello, Jira, SAP, Microsoft Office","Operations management, logistics, scheduling, inventory control, workflow optimization, Leadership, multitasking, organization, communication, decision-making, ERP systems, Trello, Jira, SAP, Microsoft Office"
FOUNDER,"Documentation, reporting, administrative support, customer service","Communication, organization, adaptability, teamwork, multitasking","Microsoft Office, Google Workspace, CRM software","Documentation, reporting, administrative support, customer service, Communication, organization, adaptability, teamwork, multitasking, Microsoft Office, Google Workspace, CRM software"
CO-FOUNDER,"Documentation, reporting, administrative support, customer service","Communication, organization, adaptability, teamwork, multitasking","Microsoft Office, Google Workspace, CRM software","Documentation, reporting, administrative support, customer service, Communication, organization, adaptability, teamwork, multitasking, Microsoft Office, Google Workspace, CRM software"
CEO,"Operations management, logistics, scheduling, inventory control, workflow optimization","Leadership, multitasking, organization, communication, decision-making","ERP systems, Trello, Jira, SAP, Microsoft Office","Operations management, logistics, scheduling, inventory control, workflow optimization, Leadership, multitasking, organization, communication, decision-making, ERP systems, Trello, Jira, SAP, Microsoft Office"
OWNER,"Operations management, logistics, scheduling, inventory control, workflow optimization","Leadership, multitasking, organization, communication, decision-making","ERP systems, Trello, Jira, SAP, Microsoft Office","Operations management, logistics, scheduling, inventory control, workflow optimization, Leadership, multitasking, organization, communication, decision-making, ERP systems, Trello, Jira, SAP, Microsoft Office"
BUSINESS OWNER,"Operations management, logistics, scheduling, inventory control, workflow optimization","Leadership, multitasking, organization, communication, decision-making","ERP systems, Trello, Jira, SAP, Microsoft Office","Operations management, logistics, scheduling, inventory control, workflow optimization, Leadership, multitasking, organization, communication, decision-making, ERP systems, Trello, Jira, SAP, Microsoft Office"
GENERAL MANAGER,"Operations management, logistics, scheduling, inventory control, workflow optimization","Leadership, multitasking, organization, communication, decision-making","ERP systems, Trello, Jira, SAP, Microsoft Office","Operations management, logistics, scheduling, inventory control, workflow optimization, Leadership, multitasking, organization, communication, decision-making, ERP systems, Trello, Jira, SAP, Microsoft Office"
AREA MANAGER,"Operations management, logistics, scheduling, inventory control, workflow optimization","Leadership, multitasking, organization, communication, decision-making","ERP systems, Trello, Jira, SAP, Microsoft Office","Operations management, logistics, scheduling, inventory control, workflow optimization, Leadership, multitasking, organization, communication, decision-making, ERP systems, Trello, Jira, SAP, Microsoft Office"
STORE MANAGER,"Operations management, logistics, scheduling, inventory control, workflow optimization","Leadership, multitasking, organization, communication, decision-making","ERP systems, Trello, Jira, SAP, Microsoft Office","Operations management, logistics, scheduling, inventory control, workflow optimization, Leadership, multitasking, organization, communication, decision-making, ERP systems, Trello, Jira, SAP, Microsoft Office"
ASSISTANT STORE MANAGER,"Operations management, logistics, scheduling, inventory control, workflow optimization","Leadership, multitasking, organization, communication, decision-making","ERP systems, Trello, Jira, SAP, Microsoft Office","Operations management, logistics, scheduling, inventory control, workflow optimization, Leadership, multitasking, organization, communication, decision-making, ERP systems, Trello, Jira, SAP, Microsoft Office"
BRANCH MANAGER,"Operations management, logistics, scheduling, inventory control, workflow optimization","Leadership, multitasking, organization, communication, decision-making","ERP systems, Trello, Jira, SAP, Microsoft Office","Operations management, logistics, scheduling, inventory control, workflow optimization, Leadership, multitasking, organization, communication, decision-making, ERP systems, Trello, Jira, SAP, Microsoft Office"
REGIONAL MANAGER,"Operations management, logistics, scheduling, inventory control, workflow optimization","Leadership, multitasking, organization, communication, decision-making","ERP systems, Trello, Jira, SAP, Microsoft Office","Operations management, logistics, scheduling, inventory control, workflow optimization, Leadership, multitasking, organization, communication, decision-making, ERP systems, Trello, Jira, SAP, Microsoft Office"
DISTRICT MANAGER,"Operations management, logistics, scheduling, inventory control, workflow optimization","Leadership, multitasking, organization, communication, decision-making","ERP systems, Trello, Jira, SAP, Microsoft Office","Operations management, logistics, scheduling, inventory control, workflow optimization, Leadership, multitasking, organization, communication, decision-making, ERP systems, Trello, Jira, SAP, Microsoft Office"
PRODUCT MANAGER,"Operations management, logistics, scheduling, inventory control, workflow optimization","Leadership, multitasking, organization, communication, decision-making","ERP systems, Trello, Jira, SAP, Microsoft Office","Operations management, logistics, scheduling, inventory control, workflow optimization, Leadership, multitasking, organization, communication, decision-making, ERP systems, Trello, Jira, SAP, Microsoft Office"
PRODUCT MARKETING MANAGER,"SEO, digital marketing, campaign management, social media strategy, analytics","Creativity, strategic thinking, communication, collaboration, adaptability","Google Analytics, HubSpot, Meta Ads Manager, Hootsuite, Canva","SEO, digital marketing, campaign management, social media strategy, analytics, Creativity, strategic thinking, communication, collaboration, adaptability, Google Analytics, HubSpot, Meta Ads Manager, Hootsuite, Canva"
ACCOUNT MANAGER,"Financial analysis, accounting, auditing, forecasting, budgeting, tax management","Integrity, analytical thinking, communication, problem-solving, attention to detail","QuickBooks, SAP, Oracle Financials, Excel, Power BI, Tableau","Financial analysis, accounting, auditing, forecasting, budgeting, tax management, Integrity, analytical thinking, communication, problem-solving, attention to detail, QuickBooks, SAP, Oracle Financials, Excel, Power BI, Tableau"
KEY ACCOUNT MANAGER,"Financial analysis, accounting, auditing, forecasting, budgeting, tax management","Integrity, analytical thinking, communication, problem-solving, attention to detail","QuickBooks, SAP, Oracle Financials, Excel, Power BI, Tableau","Financial analysis, accounting, auditing, forecasting, budgeting, tax management, Integrity, analytical thinking, communication, problem-solving, attention to detail, QuickBooks, SAP, Oracle Financials, Excel, Power BI, Tableau"
MEMBERSHIP COORDINATOR,"Operations management, logistics, scheduling, inventory control, workflow optimization","Leadership, multitasking, organization, communication, decision-making","ERP systems, Trello, Jira, SAP, Microsoft Office","Operations management, logistics, scheduling, inventory control, workflow optimization, Leadership, multitasking, organization, communication, decision-making, ERP systems, Trello, Jira, SAP, Microsoft Office"
EVENT COORDINATOR,"Operations management, logistics, scheduling, inventory control, workflow optimization","Leadership, multitasking, organization, communication, decision-making","ERP systems, Trello, Jira, SAP, Microsoft Office","Operations management, logistics, scheduling, inventory control, workflow optimization, Leadership, multitasking, organization, communication, decision-making, ERP systems, Trello, Jira, SAP, Microsoft Office"
SPECIAL EVENTS COORDINATOR,"Operations management, logistics, scheduling, inventory control, workflow optimization","Leadership, multitasking, organization, communication, decision-making","ERP systems, Trello, Jira, SAP, Microsoft Office","Operations management, logistics, scheduling, inventory control, workflow optimization, Leadership, multitasking, organization, communication, decision-making, ERP systems, Trello, Jira, SAP, Microsoft Office"
LOGISTICS COORDINATOR,"Operations management, logistics, scheduling, inventory control, workflow optimization","Leadership, multitasking, organization, communication, decision-making","ERP systems, Trello, Jira, SAP, Microsoft Office","Operations management, logistics, scheduling, inventory control, workflow optimization, Leadership, multitasking, organization, communication, decision-making, ERP systems, Trello, Jira, SAP, Microsoft Office"
SUPPLY CHAIN MANAGER,"Operations management, logistics, scheduling, inventory control, workflow optimization","Leadership, multitasking, organization, communication, decision-making","ERP systems, Trello, Jira, SAP, Microsoft Office","Operations management, logistics, scheduling, inventory control, workflow optimization, Leadership, multitasking, organization, communication, decision-making, ERP systems, Trello, Jira, SAP, Microsoft Office"
PURCHASING AGENT,"Documentation, reporting, administrative support, customer service","Communication, organization, adaptability, teamwork, multitasking","Microsoft Office, Google Workspace, CRM software","Documentation, reporting, administrative support, customer service, Communication, organization, adaptability, teamwork, multitasking, Microsoft Office, Google Workspace, CRM software"
BUYER,"Documentation, reporting, administrative support, customer service","Communication, organization, adaptability, teamwork, multitasking","Microsoft Office, Google Workspace, CRM software","Documentation, reporting, administrative support, customer service, Communication, organization, adaptability, teamwork, multitasking, Microsoft Office, Google Workspace, CRM software"
PROCUREMENT ANALYST,"Documentation, reporting, administrative support, customer service","Communication, organization, adaptability, teamwork, multitasking","Microsoft Office, Google Workspace, CRM software","Documentation, reporting, administrative support, customer service, Communication, organization, adaptability, teamwork, multitasking, Microsoft Office, Google Workspace, CRM software"
MATERIALS ANALYST,"Documentation, reporting, administrative support, customer service","Communication, organization, adaptability, teamwork, multitasking","Microsoft Office, Google Workspace, CRM software","Documentation, reporting, administrative support, customer service, Communication, organization, adaptability, teamwork, multitasking, Microsoft Office, Google Workspace, CRM software"
QUALITY CONTROL INSPECTOR,"Documentation, reporting, administrative support, customer service","Communication, organization, adaptability, teamwork, multitasking","Microsoft Office, Google Workspace, CRM software","Documentation, reporting, administrative support, customer service, Communication, organization, adaptability, teamwork, multitasking, Microsoft Office, Google Workspace, CRM software"
CUSTOMER RELATIONS SPECIALIST,"Documentation, reporting, administrative support, customer service","Communication, organization, adaptability, teamwork, multitasking","Microsoft Office, Google Workspace, CRM software","Documentation, reporting, administrative support, customer service, Communication, organization, adaptability, teamwork, multitasking, Microsoft Office, Google Workspace, CRM software"
CLIENT SERVICE SPECIALIST,"Documentation, reporting, administrative support, customer service","Communication, organization, adaptability, teamwork, multitasking","Microsoft Office, Google Workspace, CRM software","Documentation, reporting, administrative support, customer service, Communication, organization, adaptability, teamwork, multitasking, Microsoft Office, Google Workspace, CRM software"
SALES ASSOCIATE,"Business development, market analysis, client relationship management, strategic planning","Negotiation, leadership, communication, decision-making, networking","Salesforce, HubSpot, Microsoft Excel, Power BI, CRM systems","Business development, market analysis, client relationship management, strategic planning, Negotiation, leadership, communication, decision-making, networking, Salesforce, HubSpot, Microsoft Excel, Power BI, CRM systems"
SERVICE REPRESENTATIVE,"Documentation, reporting, administrative support, customer service","Communication, organization, adaptability, teamwork, multitasking","Microsoft Office, Google Workspace, CRM software","Documentation, reporting, administrative support, customer service, Communication, organization, adaptability, teamwork, multitasking, Microsoft Office, Google Workspace, CRM software"
OPERATIONS TECHNICIAN,"Technical design, project engineering, CAD modeling, systems analysis, quality control","Problem-solving, innovation, teamwork, communication, analytical thinking","AutoCAD, SolidWorks, MATLAB, PLC systems, MS Project","Technical design, project engineering, CAD modeling, systems analysis, quality control, Problem-solving, innovation, teamwork, communication, analytical thinking, AutoCAD, SolidWorks, MATLAB, PLC systems, MS Project"
FIELD SUPPORT SPECIALIST,"Documentation, reporting, administrative support, customer service","Communication, organization, adaptability, teamwork, multitasking","Microsoft Office, Google Workspace, CRM software","Documentation, reporting, administrative support, customer service, Communication, organization, adaptability, teamwork, multitasking, Microsoft Office, Google Workspace, CRM software"
SECURITY OFFICER,"Documentation, reporting, administrative support, customer service","Communication, organization, adaptability, teamwork, multitasking","Microsoft Office, Google Workspace, CRM software","Documentation, reporting, administrative support, customer service, Communication, organization, adaptability, teamwork, multitasking, Microsoft Office, Google Workspace, CRM software"
AIR TRAFFIC CONTROLLER,"Documentation, reporting, administrative support, customer service","Communication, organization, adaptability, teamwork, multitasking","Microsoft Office, Google Workspace, CRM software","Documentation, reporting, administrative support, customer service, Communication, organization, adaptability, teamwork, multitasking, Microsoft Office, Google Workspace, CRM software"
FLIGHT MANAGER,"Operations management, logistics, scheduling, inventory control, workflow optimization","Leadership, multitasking, organization, communication, decision-making","ERP systems, Trello, Jira, SAP, Microsoft Office","Operations management, logistics, scheduling, inventory control, workflow optimization, Leadership, multitasking, organization, communication, decision-making, ERP systems, Trello, Jira, SAP, Microsoft Office"
AVIATION TECHNICIAN,"Technical design, project engineering, CAD modeling, systems analysis, quality control","Problem-solving, innovation, teamwork, communication, analytical thinking","AutoCAD, SolidWorks, MATLAB, PLC systems, MS Project","Technical design, project engineering, CAD modeling, systems analysis, quality control, Problem-solving, innovation, teamwork, communication, analytical thinking, AutoCAD, SolidWorks, MATLAB, PLC systems, MS Project"
AVIATION MAINTENANCE TECHNICIAN,"Technical design, project engineering, CAD modeling, systems analysis, quality control","Problem-solving, innovation, teamwork, communication, analytical thinking","AutoCAD, SolidWorks, MATLAB, PLC systems, MS Project","Technical design, project engineering, CAD modeling, systems analysis, quality control, Problem-solving, innovation, teamwork, communication, analytical thinking, AutoCAD, SolidWorks, MATLAB, PLC systems, MS Project"
AVIATION SAFETY ASSISTANT,"Documentation, reporting, administrative support, customer service","Communication, organization, adaptability, teamwork, multitasking","Microsoft Office, Google Workspace, CRM software","Documentation, reporting, administrative support, customer service, Communication, organization, adaptability, teamwork, multitasking, Microsoft Office, Google Workspace, CRM software"
ELECTRONIC TECHNICIAN,"Technical design, project engineering, CAD modeling, systems analysis, quality control","Problem-solving, innovation, teamwork, communication, analytical thinking","AutoCAD, SolidWorks, MATLAB, PLC systems, MS Project","Technical design, project engineering, CAD modeling, systems analysis, quality control, Problem-solving, innovation, teamwork, communication, analytical thinking, AutoCAD, SolidWorks, MATLAB, PLC systems, MS Project"
MAINTENANCE TECHNICIAN,"Technical design, project engineering, CAD modeling, systems analysis, quality control","Problem-solving, innovation, teamwork, communication, analytical thinking","AutoCAD, SolidWorks, MATLAB, PLC systems, MS Project","Technical design, project engineering, CAD modeling, systems analysis, quality control, Problem-solving, innovation, teamwork, communication, analytical thinking, AutoCAD, SolidWorks, MATLAB, PLC systems, MS Project"
LINE SERVICE TECHNICIAN,"Technical design, project engineering, CAD modeling, systems analysis, quality control","Problem-solving, innovation, teamwork, communication, analytical thinking","AutoCAD, SolidWorks, MATLAB, PLC systems, MS Project","Technical design, project engineering, CAD modeling, systems analysis, quality control, Problem-solving, innovation, teamwork, communication, analytical thinking, AutoCAD, SolidWorks, MATLAB, PLC systems, MS Project"
ELECTRICIAN,"Technical design, project engineering, CAD modeling, systems analysis, quality control","Problem-solving, innovation, teamwork, communication, analytical thinking","AutoCAD, SolidWorks, MATLAB, PLC systems, MS Project","Technical design, project engineering, CAD modeling, systems analysis, quality control, Problem-solving, innovation, teamwork, communication, analytical thinking, AutoCAD, SolidWorks, MATLAB, PLC systems, MS Project"
PLANT OPERATOR,"Documentation, reporting, administrative support, customer service","Communication, organization, adaptability, teamwork, multitasking","Microsoft Office, Google Workspace, CRM software","Documentation, reporting, administrative support, customer service, Communication, organization, adaptability, teamwork, multitasking, Microsoft Office, Google Workspace, CRM software"
PRODUCTION SUPERVISOR,"Operations management, logistics, scheduling, inventory control, workflow optimization","Leadership, multitasking, organization, communication, decision-making","ERP systems, Trello, Jira, SAP, Microsoft Office","Operations management, logistics, scheduling, inventory control, workflow optimization, Leadership, multitasking, organization, communication, decision-making, ERP systems, Trello, Jira, SAP, Microsoft Office"
WAREHOUSE LEAD,"Documentation, reporting, administrative support, customer service","Communication, organization, adaptability, teamwork, multitasking","Microsoft Office, Google Workspace, CRM software","Documentation, reporting, administrative support, customer service, Communication, organization, adaptability, teamwork, multitasking, Microsoft Office, Google Workspace, CRM software"
ROUTE MANAGER,"Operations management, logistics, scheduling, inventory control, workflow optimization","Leadership, multitasking, organization, communication, decision-making","ERP systems, Trello, Jira, SAP, Microsoft Office","Operations management, logistics, scheduling, inventory control, workflow optimization, Leadership, multitasking, organization, communication, decision-making, ERP systems, Trello, Jira, SAP, Microsoft Office"
STOREKEEPER,"Documentation, reporting, administrative support, customer service","Communication, organization, adaptability, teamwork, multitasking","Microsoft Office, Google Workspace, CRM software","Documentation, reporting, administrative support, customer service, Communication, organization, adaptability, teamwork, multitasking, Microsoft Office, Google Workspace, CRM software"
RECEPTIONIST,"Documentation, reporting, administrative support, customer service","Communication, organization, adaptability, teamwork, multitasking","Microsoft Office, Google Workspace, CRM software","Documentation, reporting, administrative support, customer service, Communication, organization, adaptability, teamwork, multitasking, Microsoft Office, Google Workspace, CRM software"
FRONT DESK ATTENDANT,"Documentation, reporting, administrative support, customer service","Communication, organization, adaptability, teamwork, multitasking","Microsoft Office, Google Workspace, CRM software","Documentation, reporting, administrative support, customer service, Communication, organization, adaptability, teamwork, multitasking, Microsoft Office, Google Workspace, CRM software"
HOSTESS,"Food preparation, menu planning, restaurant operations, customer service","Teamwork, creativity, customer service, time management, communication","POS systems, inventory systems, scheduling software","Food preparation, menu planning, restaurant operations, customer service, Teamwork, creativity, customer service, time management, communication, POS systems, inventory systems, scheduling software"
SERVER,"Food preparation, menu planning, restaurant operations, customer service","Teamwork, creativity, customer service, time management, communication","POS systems, inventory systems, scheduling software","Food preparation, menu planning, restaurant operations, customer service, Teamwork, creativity, customer service, time management, communication, POS systems, inventory systems, scheduling software"
TUTOR,"Lesson planning, curriculum development, classroom management, student assessment","Patience, mentoring, communication, adaptability, leadership","Google Classroom, Moodle, Zoom, Microsoft Office, Blackboard","Lesson planning, curriculum development, classroom management, student assessment, Patience, mentoring, communication, adaptability, leadership, Google Classroom, Moodle, Zoom, Microsoft Office, Blackboard"
LECTURER,"Lesson planning, curriculum development, classroom management, student assessment","Patience, mentoring, communication, adaptability, leadership","Google Classroom, Moodle, Zoom, Microsoft Office, Blackboard","Lesson planning, curriculum development, classroom management, student assessment, Patience, mentoring, communication, adaptability, leadership, Google Classroom, Moodle, Zoom, Microsoft Office, Blackboard"
INSTRUCTOR,"Lesson planning, curriculum development, classroom management, student assessment","Patience, mentoring, communication, adaptability, leadership","Google Classroom, Moodle, Zoom, Microsoft Office, Blackboard","Lesson planning, curriculum development, classroom management, student assessment, Patience, mentoring, communication, adaptability, leadership, Google Classroom, Moodle, Zoom, Microsoft Office, Blackboard"
ADJUNCT FACULTY,"Lesson planning, curriculum development, classroom management, student assessment","Patience, mentoring, communication, adaptability, leadership","Google Classroom, Moodle, Zoom, Microsoft Office, Blackboard","Lesson planning, curriculum development, classroom management, student assessment, Patience, mentoring, communication, adaptability, leadership, Google Classroom, Moodle, Zoom, Microsoft Office, Blackboard"
GRADUATE RESEARCH ASSISTANT,"Documentation, reporting, administrative support, customer service","Communication, organization, adaptability, teamwork, multitasking","Microsoft Office, Google Workspace, CRM software","Documentation, reporting, administrative support, customer service, Communication, organization, adaptability, teamwork, multitasking, Microsoft Office, Google Workspace, CRM software"
STUDENT TEACHER,"Lesson planning, curriculum development, classroom management, student assessment","Patience, mentoring, communication, adaptability, leadership","Google Classroom, Moodle, Zoom, Microsoft Office, Blackboard","Lesson planning, curriculum development, classroom management, student assessment, Patience, mentoring, communication, adaptability, leadership, Google Classroom, Moodle, Zoom, Microsoft Office, Blackboard"
VOLUNTEER,"Documentation, reporting, administrative support, customer service","Communication, organization, adaptability, teamwork, multitasking","Microsoft Office, Google Workspace, CRM software","Documentation, reporting, administrative support, customer service, Communication, organization, adaptability, teamwork, multitasking, Microsoft Office, Google Workspace, CRM software"
INTERN,"Documentation, reporting, administrative support, customer service","Communication, organization, adaptability, teamwork, multitasking","Microsoft Office, Google Workspace, CRM software","Documentation, reporting, administrative support, customer service, Communication, organization, adaptability, teamwork, multitasking, Microsoft Office, Google Workspace, CRM software"
REALTOR,"Documentation, reporting, administrative support, customer service","Communication, organization, adaptability, teamwork, multitasking","Microsoft Office, Google Workspace, CRM software","Documentation, reporting, administrative support, customer service, Communication, organization, adaptability, teamwork, multitasking, Microsoft Office, Google Workspace, CRM software"
PROPERTY MANAGEMENT ASSISTANT,"Documentation, reporting, administrative support, customer service","Communication, organization, adaptability, teamwork, multitasking","Microsoft Office, Google Workspace, CRM software","Documentation, reporting, administrative support, customer service, Communication, organization, adaptability, teamwork, multitasking, Microsoft Office, Google Workspace, CRM software"
BRAND MANAGER,"SEO, digital marketing, campaign management, social media strategy, analytics","Creativity, strategic thinking, communication, collaboration, adaptability","Google Analytics, HubSpot, Meta Ads Manager, Hootsuite, Canva","SEO, digital marketing, campaign management, social media strategy, analytics, Creativity, strategic thinking, communication, collaboration, adaptability, Google Analytics, HubSpot, Meta Ads Manager, Hootsuite, Canva"
CREATIVE DIRECTOR,"UI/UX design, branding, typography, visual design, wireframing, prototyping, layout design","Creativity, collaboration, attention to detail, communication, time management","Adobe Photoshop, Illustrator, Figma, Canva, Sketch, AutoCAD","UI/UX design, branding, typography, visual design, wireframing, prototyping, layout design, Creativity, collaboration, attention to detail, communication, time management, Adobe Photoshop, Illustrator, Figma, Canva, Sketch, AutoCAD"
DESIGN DIRECTOR,"UI/UX design, branding, typography, visual design, wireframing, prototyping, layout design","Creativity, collaboration, attention to detail, communication, time management","Adobe Photoshop, Illustrator, Figma, Canva, Sketch, AutoCAD","UI/UX design, branding, typography, visual design, wireframing, prototyping, layout design, Creativity, collaboration, attention to detail, communication, time management, Adobe Photoshop, Illustrator, Figma, Canva, Sketch, AutoCAD"
ACCOUNT DIRECTOR,"Financial analysis, accounting, auditing, forecasting, budgeting, tax management","Integrity, analytical thinking, communication, problem-solving, attention to detail","QuickBooks, SAP, Oracle Financials, Excel, Power BI, Tableau","Financial analysis, accounting, auditing, forecasting, budgeting, tax management, Integrity, analytical thinking, communication, problem-solving, attention to detail, QuickBooks, SAP, Oracle Financials, Excel, Power BI, Tableau"
PRODUCT SPECIALIST,"Documentation, reporting, administrative support, customer service","Communication, organization, adaptability, teamwork, multitasking","Microsoft Office, Google Workspace, CRM software","Documentation, reporting, administrative support, customer service, Communication, organization, adaptability, teamwork, multitasking, Microsoft Office, Google Workspace, CRM software"
IMPLEMENTATION CONSULTANT,"Business development, market analysis, client relationship management, strategic planning","Negotiation, leadership, communication, decision-making, networking","Salesforce, HubSpot, Microsoft Excel, Power BI, CRM systems","Business development, market analysis, client relationship management, strategic planning, Negotiation, leadership, communication, decision-making, networking, Salesforce, HubSpot, Microsoft Excel, Power BI, CRM systems"
TECHNICAL PROJECT MANAGER,"Operations management, logistics, scheduling, inventory control, workflow optimization","Leadership, multitasking, organization, communication, decision-making","ERP systems, Trello, Jira, SAP, Microsoft Office","Operations management, logistics, scheduling, inventory control, workflow optimization, Leadership, multitasking, organization, communication, decision-making, ERP systems, Trello, Jira, SAP, Microsoft Office"
SYSTEM ARCHITECT,"Programming, networking, database management, troubleshooting, cloud computing, cybersecurity","Analytical thinking, adaptability, teamwork, communication, problem-solving","Python, Java, SQL, AWS, Azure, Linux, Git, Docker, Jira","Programming, networking, database management, troubleshooting, cloud computing, cybersecurity, Analytical thinking, adaptability, teamwork, communication, problem-solving, Python, Java, SQL, AWS, Azure, Linux, Git, Docker, Jira"
QA TEST ANALYST,"Programming, networking, database management, troubleshooting, cloud computing, cybersecurity","Analytical thinking, adaptability, teamwork, communication, problem-solving","Python, Java, SQL, AWS, Azure, Linux, Git, Docker, Jira","Programming, networking, database management, troubleshooting, cloud computing, cybersecurity, Analytical thinking, adaptability, teamwork, communication, problem-solving, Python, Java, SQL, AWS, Azure, Linux, Git, Docker, Jira"
SOFTWARE QUALITY ASSURANCE ANALYST,"Programming, networking, database management, troubleshooting, cloud computing, cybersecurity","Analytical thinking, adaptability, teamwork, communication, problem-solving","Python, Java, SQL, AWS, Azure, Linux, Git, Docker, Jira","Programming, networking, database management, troubleshooting, cloud computing, cybersecurity, Analytical thinking, adaptability, teamwork, communication, problem-solving, Python, Java, SQL, AWS, Azure, Linux, Git, Docker, Jira"
BUSINESS SYSTEMS ANALYST,"Programming, networking, database management, troubleshooting, cloud computing, cybersecurity","Analytical thinking, adaptability, teamwork, communication, problem-solving","Python, Java, SQL, AWS, Azure, Linux, Git, Docker, Jira","Programming, networking, database management, troubleshooting, cloud computing, cybersecurity, Analytical thinking, adaptability, teamwork, communication, problem-solving, Python, Java, SQL, AWS, Azure, Linux, Git, Docker, Jira"
SR BUSINESS SYSTEMS ANALYST,"Programming, networking, database management, troubleshooting, cloud computing, cybersecurity","Analytical thinking, adaptability, teamwork, communication, problem-solving","Python, Java, SQL, AWS, Azure, Linux, Git, Docker, Jira","Programming, networking, database management, troubleshooting, cloud computing, cybersecurity, Analytical thinking, adaptability, teamwork, communication, problem-solving, Python, Java, SQL, AWS, Azure, Linux, Git, Docker, Jira"
OPERATIONS ASSOCIATE,"Operations management, logistics, scheduling, inventory control, workflow optimization","Leadership, multitasking, organization, communication, decision-making","ERP systems, Trello, Jira, SAP, Microsoft Office","Operations management, logistics, scheduling, inventory control, workflow optimization, Leadership, multitasking, organization, communication, decision-making, ERP systems, Trello, Jira, SAP, Microsoft Office"
TEAM LEADER,"Documentation, reporting, administrative support, customer service","Communication, organization, adaptability, teamwork, multitasking","Microsoft Office, Google Workspace, CRM software","Documentation, reporting, administrative support, customer service, Communication, organization, adaptability, teamwork, multitasking, Microsoft Office, Google Workspace, CRM software"
TEAM MEMBER,"Documentation, reporting, administrative support, customer service","Communication, organization, adaptability, teamwork, multitasking","Microsoft Office, Google Workspace, CRM software","Documentation, reporting, administrative support, customer service, Communication, organization, adaptability, teamwork, multitasking, Microsoft Office, Google Workspace, CRM software"
SHIFT SUPERVISOR,"Operations management, logistics, scheduling, inventory control, workflow optimization","Leadership, multitasking, organization, communication, decision-making","ERP systems, Trello, Jira, SAP, Microsoft Office","Operations management, logistics, scheduling, inventory control, workflow optimization, Leadership, multitasking, organization, communication, decision-making, ERP systems, Trello, Jira, SAP, Microsoft Office"
ASSISTANT MANAGER,"Operations management, logistics, scheduling, inventory control, workflow optimization","Leadership, multitasking, organization, communication, decision-making","ERP systems, Trello, Jira, SAP, Microsoft Office","Operations management, logistics, scheduling, inventory control, workflow optimization, Leadership, multitasking, organization, communication, decision-making, ERP systems, Trello, Jira, SAP, Microsoft Office"
COORDINATOR,"Operations management, logistics, scheduling, inventory control, workflow optimization","Leadership, multitasking, organization, communication, decision-making","ERP systems, Trello, Jira, SAP, Microsoft Office","Operations management, logistics, scheduling, inventory control, workflow optimization, Leadership, multitasking, organization, communication, decision-making, ERP systems, Trello, Jira, SAP, Microsoft Office"
ADMINISTRATOR,"Documentation, reporting, administrative support, customer service","Communication, organization, adaptability, teamwork, multitasking","Microsoft Office, Google Workspace, CRM software","Documentation, reporting, administrative support, customer service, Communication, organization, adaptability, teamwork, multitasking, Microsoft Office, Google Workspace, CRM software"
MANAGER,"Operations management, logistics, scheduling, inventory control, workflow optimization","Leadership, multitasking, organization, communication, decision-making","ERP systems, Trello, Jira, SAP, Microsoft Office","Operations management, logistics, scheduling, inventory control, workflow optimization, Leadership, multitasking, organization, communication, decision-making, ERP systems, Trello, Jira, SAP, Microsoft Office"
DIRECTOR,"Operations management, logistics, scheduling, inventory control, workflow optimization","Leadership, multitasking, organization, communication, decision-making","ERP systems, Trello, Jira, SAP, Microsoft Office","Operations management, logistics, scheduling, inventory control, workflow optimization, Leadership, multitasking, organization, communication, decision-making, ERP systems, Trello, Jira, SAP, Microsoft Office"
PRESIDENT,"Operations management, logistics, scheduling, inventory control, workflow optimization","Leadership, multitasking, organization, communication, decision-making","ERP systems, Trello, Jira, SAP, Microsoft Office","Operations management, logistics, scheduling, inventory control, workflow optimization, Leadership, multitasking, organization, communication, decision-making, ERP systems, Trello, Jira, SAP, Microsoft Office"
DATA SCIENTIST,"Python, Statistics, Machine Learning, SQL, Data Cleaning, Data Visualization, Probability","Problem Solving, Critical Thinking, Communication, Analytical Thinking, Curiosity","Pandas, NumPy, Scikit-learn, Matplotlib, Seaborn, Jupyter, SQL, TensorFlow","Python, Statistics, Machine Learning, SQL, Data Cleaning, Data Visualization, Probability, Problem Solving, Critical Thinking, Communication, Analytical Thinking, Curiosity, Pandas, NumPy, Scikit-learn, Matplotlib, Seaborn, Jupyter, SQL, TensorFlow"
SENIOR DATA SCIENTIST,"Advanced Machine Learning, Deep Learning, Feature Engineering, Statistical Modeling, Big Data Processing, Experiment Design","Leadership, Strategic Thinking, Mentoring, Decision Making, Communication","Python, PyTorch, TensorFlow, Spark, Hadoop, AWS, GCP, MLflow","Advanced Machine Learning, Deep Learning, Feature Engineering, Statistical Modeling, Big Data Processing, Experiment Design, Leadership, Strategic Thinking, Mentoring, Decision Making, Communication, Python, PyTorch, TensorFlow, Spark, Hadoop, AWS, GCP, MLflow"
MACHINE LEARNING ENGINEER,"Machine Learning Algorithms, Model Deployment, Data Structures, API Development, Feature Engineering","Problem Solving, Collaboration, Debugging Skills, Analytical Thinking","Python, Scikit-learn, TensorFlow, PyTorch, Docker, Kubernetes, FastAPI","Machine Learning Algorithms, Model Deployment, Data Structures, API Development, Feature Engineering, Problem Solving, Collaboration, Debugging Skills, Analytical Thinking, Python, Scikit-learn, TensorFlow, PyTorch, Docker, Kubernetes, FastAPI"
DEEP LEARNING ENGINEER,"Neural Networks, CNN, RNN, Transformers, Computer Vision, NLP, Model Optimization","Research Thinking, Creativity, Problem Solving, Persistence","PyTorch, TensorFlow, Keras, CUDA, OpenCV, Hugging Face","Neural Networks, CNN, RNN, Transformers, Computer Vision, NLP, Model Optimization, Research Thinking, Creativity, Problem Solving, Persistence, PyTorch, TensorFlow, Keras, CUDA, OpenCV, Hugging Face"
AI ENGINEER,"Artificial Intelligence, Machine Learning, NLP, Computer Vision, Model Training, Data Processing","Innovation, Analytical Thinking, Problem Solving, Communication","Python, TensorFlow, PyTorch, OpenAI API, AWS, Azure AI","Artificial Intelligence, Machine Learning, NLP, Computer Vision, Model Training, Data Processing, Innovation, Analytical Thinking, Problem Solving, Communication, Python, TensorFlow, PyTorch, OpenAI API, AWS, Azure AI"
NLP ENGINEER,"Natural Language Processing, Text Processing, Language Models, Tokenization, Text Classification","Linguistic Thinking, Analytical Skills, Problem Solving","NLTK, SpaCy, Hugging Face Transformers, BERT, GPT APIs, Python","Natural Language Processing, Text Processing, Language Models, Tokenization, Text Classification, Linguistic Thinking, Analytical Skills, Problem Solving, NLTK, SpaCy, Hugging Face Transformers, BERT, GPT APIs, Python"
COMPUTER VISION ENGINEER,"Image Processing, Object Detection, CNN, Feature Extraction, Image Classification","Visual Thinking, Problem Solving, Attention to Detail","OpenCV, PyTorch, TensorFlow, YOLO, Keras","Image Processing, Object Detection, CNN, Feature Extraction, Image Classification, Visual Thinking, Problem Solving, Attention to Detail, OpenCV, PyTorch, TensorFlow, YOLO, Keras"
DATA ENGINEER,"Data Pipelines, ETL, Data Warehousing, SQL, Big Data Processing, Data Modeling","Problem Solving, System Thinking, Collaboration","Spark, Hadoop, Kafka, Airflow, AWS Glue, SQL, Python","Data Pipelines, ETL, Data Warehousing, SQL, Big Data Processing, Data Modeling, Problem Solving, System Thinking, Collaboration, Spark, Hadoop, Kafka, Airflow, AWS Glue, SQL, Python"
SENIOR DATA ENGINEER,"Distributed Systems, Data Architecture, Scalable Pipelines, Big Data Optimization, Cloud Data Engineering","Leadership, Architectural Thinking, Decision Making","AWS, GCP, Azure, Spark, Kafka, Snowflake, Databricks","Distributed Systems, Data Architecture, Scalable Pipelines, Big Data Optimization, Cloud Data Engineering, Leadership, Architectural Thinking, Decision Making, AWS, GCP, Azure, Spark, Kafka, Snowflake, Databricks"
APPLIED DATA SCIENTIST,"Machine Learning, Statistical Modeling, Data Analysis, Experimentation, Product Analytics","Business Thinking, Communication, Problem Solving","Python, SQL, Pandas, Scikit-learn, Tableau, Power BI","Machine Learning, Statistical Modeling, Data Analysis, Experimentation, Product Analytics, Business Thinking, Communication, Problem Solving, Python, SQL, Pandas, Scikit-learn, Tableau, Power BI"
DATA SCIENCE CONSULTANT,"Data Analysis, Machine Learning, Business Intelligence, Predictive Modeling, Client Solutions","Client Communication, Presentation Skills, Problem Solving","Python, SQL, Excel, Tableau, Power BI","Data Analysis, Machine Learning, Business Intelligence, Predictive Modeling, Client Solutions, Client Communication, Presentation Skills, Problem Solving, Python, SQL, Excel, Tableau, Power BI"
RESEARCH DATA SCIENTIST,"Advanced Statistics, Machine Learning Research, Experiment Design, Mathematical Modeling","Research Thinking, Curiosity, Critical Analysis","Python, R, TensorFlow, PyTorch, Jupyter","Advanced Statistics, Machine Learning Research, Experiment Design, Mathematical Modeling, Research Thinking, Curiosity, Critical Analysis, Python, R, TensorFlow, PyTorch, Jupyter"
MLOPS ENGINEER,"Model Deployment, CI/CD, ML Pipelines, Model Monitoring, Cloud Infrastructure","DevOps Thinking, Problem Solving, System Design","Docker, Kubernetes, MLflow, AWS SageMaker, GitHub Actions, Terraform","Model Deployment, CI/CD, ML Pipelines, Model Monitoring, Cloud Infrastructure, DevOps Thinking, Problem Solving, System Design, Docker, Kubernetes, MLflow, AWS SageMaker, GitHub Actions, Terraform"
